Competition,Team,Opponent,HT goals for,HT goals against,HT goal difference,HT state,FT goals for,FT goals against,FT goal difference,FT result,1H Possession %,1H Possession difference %,1H Shots,1H Shots on target,1H Shots off target,1H Blocked shots,1H Shots inside box,1H Passes attempted,1H Passes completed,1H Pass accuracy %,1H Corners,1H Free kicks,1H Tackles,1H Tackles won,1H Interceptions,1H Clearances,1H Saves,1H Fouls,1H Yellow cards,1H Red cards,1H Offsides,2H Possession %,2H Possession difference %,2H Shots,2H Shots on target,2H Shots off target,2H Blocked shots,2H Shots inside box,2H Passes attempted,2H Passes completed,2H Pass accuracy %,2H Corners,2H Free kicks,2H Tackles,2H Tackles won,2H Interceptions,2H Clearances,2H Saves,2H Fouls,2H Yellow cards,2H Red cards,2H Offsides
Women's World Cup,Spain Women's,Netherlands Women's,0,0,0,Drawing,1,1,0,Drawing,59.22,18.44,12,3,7,2,8,273,212,77.66,1,7,19,13,3,8,0,3,1,0,1,62.17,24.35,6,4,1,1,2,286,220,76.92,5,6,12,9,6,11,0,3,0,0,0
Women's World Cup,Netherlands Women's,Spain Women's,0,0,0,Drawing,1,1,0,Drawing,40.78,-18.44,1,0,1,0,1,188,123,65.43,1,4,13,11,9,11,0,6,0,0,2,37.83,-24.35,5,2,1,2,3,174,111,63.79,0,3,16,8,6,21,0,8,1,0,0
Champions League,Juventus,Barcelona,0,1,-1,Losing,1,3,-2,Losing,32.0,-36.0,6,1,4,1,2,176,138,78.41,3,4,11,2,1,3,0,15,2,0,0,47.07,-5.85,9,5,4,0,5,201,157,78.11,5,8,10,5,1,5,0,10,0,0,1
Champions League,Barcelona,Juventus,1,0,1,Winning,3,1,2,Winning,68.0,36.0,7,4,3,0,7,374,336,89.84,3,16,7,4,1,6,0,4,0,0,0,52.93,5.85,10,4,6,0,9,226,179,79.2,3,9,12,6,1,11,0,11,1,0,0
UEFA Euro,Finland,Denmark,0,0,0,Drawing,1,0,1,Winning,37.23,-25.53,0,0,0,0,0,175,123,70.29,0,7,10,3,7,12,0,4,1,0,0,25.63,-48.74,1,1,0,0,1,132,82,62.12,0,4,7,3,9,29,0,9,1,0,1
UEFA Euro,Denmark,Finland,0,0,0,Drawing,0,1,-1,Losing,62.77,25.53,12,4,5,3,9,295,247,83.73,6,4,6,3,7,9,0,7,0,0,0,74.37,48.74,10,2,5,3,5,383,320,83.55,3,8,8,3,4,7,0,4,0,0,0
Women's World Cup,Jamaica Women's,France Women's,0,0,0,Drawing,0,0,0,Drawing,35.36,-29.28,2,0,1,1,0,128,66,51.56,1,8,7,2,3,13,0,8,2,0,0,24.23,-51.54,4,2,1,1,2,102,51,50.0,1,9,15,6,7,22,0,3,1,0,0
Women's World Cup,France Women's,Jamaica Women's,0,0,0,Drawing,0,0,0,Drawing,64.64,29.28,5,2,2,1,3,234,169,72.22,4,7,7,3,4,13,0,7,1,0,3,75.77,51.54,9,3,6,0,9,319,255,79.94,8,3,9,7,2,6,0,9,0,0,1
FIFA World Cup,England,France,0,1,-1,Losing,1,2,-1,Losing,57.79,15.59,5,3,0,2,2,330,294,89.09,2,6,10,7,6,5,0,1,0,0,1,56.71,13.42,11,4,4,3,6,224,171,76.34,3,6,6,3,3,6,0,9,1,0,0
FIFA World Cup,France,England,1,0,1,Winning,2,1,1,Winning,42.21,-15.59,3,2,1,0,2,241,209,86.72,1,2,7,4,6,6,0,7,1,0,0,43.29,-13.42,5,3,1,1,3,171,119,69.59,1,9,1,1,1,11,0,8,2,0,2
Champions League,Panathinaikos,Ajax,0,1,-1,Losing,0,2,-2,Losing,53.14,6.28,7,2,3,2,4,237,177,74.68,2,12,9,6,1,22,0,9,0,0,0,51.56,3.12,7,1,4,2,3,248,182,73.39,2,9,10,5,1,9,0,8,0,0,0
Champions League,Ajax,Panathinaikos,1,0,1,Winning,2,0,2,Winning,46.86,-6.28,15,6,7,2,12,209,142,67.94,5,6,16,5,7,14,0,10,0,0,2,48.44,-3.12,5,2,3,0,3,233,175,75.11,2,7,9,5,11,23,0,8,0,0,2
Women's World Cup,France Women's,Nigeria Women's,0,0,0,Drawing,1,0,1,Winning,69.83,39.66,5,0,4,1,3,287,240,83.62,4,6,14,9,4,14,0,6,1,0,1,71.46,42.93,15,4,6,5,10,288,241,83.68,5,6,4,3,4,10,0,6,0,0,0
Women's World Cup,Nigeria Women's,France Women's,0,0,0,Drawing,0,1,-1,Losing,30.17,-39.66,1,1,0,0,1,124,68,54.84,2,7,14,7,7,8,0,6,1,0,0,28.54,-42.93,1,0,1,0,0,115,59,51.3,0,5,16,13,8,17,0,8,3,0,0
Women's World Cup,Australia Women's,Nigeria Women's,1,1,0,Drawing,2,3,-1,Losing,58.59,17.18,12,2,5,5,8,249,192,77.11,8,3,9,8,9,15,0,4,1,0,1,67.59,35.18,17,6,8,3,14,269,199,73.98,7,6,7,7,4,6,0,1,0,0,0
Women's World Cup,Nigeria Women's,Australia Women's,1,1,0,Drawing,3,2,1,Winning,41.41,-17.18,3,1,0,2,2,176,114,64.77,1,5,7,7,5,14,0,2,1,0,1,32.41,-35.18,8,5,2,1,4,129,73,56.59,1,1,8,4,3,25,0,6,1,0,0
UEFA Euro,Italy,Switzerland,1,0,1,Winning,3,0,3,Winning,52.45,4.89,7,1,3,3,4,311,275,88.42,3,7,5,3,6,4,0,4,0,0,2,46.37,-7.25,6,2,3,1,4,243,200,82.3,0,9,6,5,9,6,0,6,0,0,1
UEFA Euro,Switzerland,Italy,0,1,-1,Losing,0,3,-3,Losing,47.55,-4.89,1,0,1,0,0,282,240,85.11,1,6,11,9,3,16,0,6,0,0,1,53.63,7.25,5,1,3,1,2,281,243,86.48,1,7,5,3,9,11,0,8,2,0,3
Women's World Cup,Denmark Women's,Haiti Women's,1,0,1,Winning,2,0,2,Winning,66.18,32.36,4,3,1,0,2,317,245,77.29,2,2,10,9,5,12,0,3,0,0,3,53.95,7.89,5,3,1,1,4,205,140,68.29,3,5,12,4,1,14,0,8,1,0,0
Women's World Cup,Haiti Women's,Denmark Women's,0,1,-1,Losing,0,2,-2,Losing,33.82,-32.36,3,1,1,1,2,162,90,55.56,2,6,13,7,7,9,0,2,0,0,1,46.05,-7.89,6,1,2,3,3,175,104,59.43,5,8,14,6,4,10,0,4,0,0,2
Women's World Cup,United States Women's,Thailand W,3,0,3,Winning,13,0,13,Winning,72.76,45.53,16,6,3,7,12,358,282,78.77,5,3,6,3,3,7,0,3,0,0,3,73.03,46.06,23,14,5,4,21,352,298,84.66,4,2,9,8,6,3,0,2,0,0,0
Women's World Cup,Thailand W,United States Women's,0,3,-3,Losing,0,13,-13,Losing,27.24,-45.53,1,1,0,0,0,134,72,53.73,0,6,15,8,6,34,0,4,0,0,0,26.97,-46.06,1,1,0,0,0,130,74,56.92,0,2,13,7,13,17,0,2,1,0,0
FIFA World Cup,Germany,Costa Rica,1,0,1,Winning,4,1,3,Winning,70.35,40.7,12,4,6,2,8,420,367,87.38,7,3,6,4,2,1,0,6,0,0,3,63.72,27.44,19,7,9,3,15,346,302,87.28,7,4,9,2,9,7,0,3,0,0,0
FIFA World Cup,Costa Rica,Germany,0,1,-1,Losing,1,4,-3,Losing,29.65,-40.7,1,1,0,0,1,177,133,75.14,1,9,3,0,9,14,0,1,0,0,2,36.28,-27.44,6,4,1,1,4,197,151,76.65,0,3,22,10,6,23,0,3,1,0,2
Women's World Cup,Australia Women's,Brazil Women's,1,2,-1,Losing,2,2,0,Drawing,55.13,10.27,6,3,2,1,4,290,227,78.28,2,1,8,2,7,9,0,3,0,0,0,56.0,12.0,4,2,1,1,3,238,194,81.51,2,6,12,7,3,18,0,4,0,0,1
Women's World Cup,Brazil Women's,Australia Women's,2,1,1,Winning,2,2,0,Drawing,44.87,-10.27,2,2,0,0,2,236,175,74.15,0,2,15,9,8,14,0,2,1,0,0,44.0,-12.0,9,1,4,4,5,187,141,75.4,3,5,8,3,6,11,0,7,2,0,0
Women's World Cup,Korea Republic Women's,Germany Women's,1,1,0,Drawing,1,1,0,Drawing,28.69,-42.61,3,2,1,0,2,134,72,53.73,1,4,11,4,1,5,0,5,0,0,0,33.67,-32.66,2,0,0,2,0,134,77,57.46,1,8,14,8,9,21,0,7,0,0,0
Women's World Cup,Germany Women's,Korea Republic Women's,1,1,0,Drawing,1,1,0,Drawing,71.31,42.61,5,2,2,1,3,333,285,85.59,0,4,7,4,9,17,0,4,0,0,0,66.33,32.66,7,1,5,1,4,264,196,74.24,2,7,9,7,5,15,0,10,1,0,1
FIFA World Cup,Germany,Japan,1,0,1,Winning,1,2,-1,Losing,81.25,62.5,14,5,4,5,5,494,445,90.08,1,5,5,3,0,4,0,4,0,0,2,64.84,29.69,12,4,7,1,10,332,278,83.73,5,12,6,5,3,4,0,3,0,0,2
FIFA World Cup,Japan,Germany,0,1,-1,Losing,2,1,1,Winning,18.75,-62.5,1,0,1,0,1,114,72,63.16,3,5,16,7,0,24,0,4,0,0,2,35.16,-29.69,11,4,3,4,11,180,143,79.44,3,5,10,7,8,17,0,11,0,0,2
UEFA Women's Euro,Germany Women's,WNT Finland,1,0,1,Winning,3,0,3,Winning,66.01,32.03,19,3,7,9,15,303,251,82.84,5,3,7,5,2,7,0,3,0,0,0,59.42,18.84,12,4,1,6,9,287,227,79.09,8,7,11,3,10,5,0,9,0,0,0
UEFA Women's Euro,WNT Finland,Germany Women's,0,1,-1,Losing,0,3,-3,Losing,33.99,-32.03,1,0,0,1,0,156,102,65.38,0,3,9,7,15,22,0,5,0,0,0,40.58,-18.84,0,0,0,0,0,196,134,68.37,0,7,12,5,11,15,0,8,1,0,0
UEFA Women's Euro,Sweden Women's,Belgium Women's,0,0,0,Drawing,1,0,1,Winning,47.31,-5.38,16,4,8,4,12,211,151,71.56,5,5,8,2,6,13,0,1,0,0,1,57.33,14.66,18,4,9,5,16,266,199,74.81,8,1,6,5,8,5,0,2,0,0,1
UEFA Women's Euro,Belgium Women's,Sweden Women's,0,0,0,Drawing,0,1,-1,Losing,52.69,5.38,1,0,1,0,0,235,176,74.89,2,2,7,4,8,18,0,5,2,0,0,42.67,-14.66,2,0,2,0,1,198,137,69.19,0,3,9,4,13,16,0,1,0,0,0
FIFA World Cup,France,Morocco,1,0,1,Winning,2,0,2,Winning,43.27,-13.47,9,1,4,4,8,212,181,85.38,2,5,12,6,7,4,0,9,0,0,2,34.18,-31.64,5,1,2,2,4,175,135,77.14,0,8,11,7,13,15,0,5,0,0,2
FIFA World Cup,Morocco,France,0,1,-1,Losing,0,2,-2,Losing,56.73,13.47,5,2,2,1,2,278,244,87.77,2,10,11,4,2,3,0,5,1,0,1,65.82,31.64,8,0,3,5,6,337,285,84.57,1,5,7,7,2,9,0,9,0,0,2
Women's World Cup,China PR Women's,Haiti Women's,0,0,0,Drawing,1,0,1,Winning,61.8,23.6,4,0,2,1,2,275,225,81.82,2,3,23,13,6,14,0,7,0,1,1,40.43,-19.14,4,3,1,0,2,169,121,71.6,2,6,5,4,9,22,0,4,0,0,0
Women's World Cup,Haiti Women's,China PR Women's,0,0,0,Drawing,0,1,-1,Losing,38.2,-23.6,0,0,0,0,0,170,111,65.29,0,7,16,5,7,14,0,3,0,0,1,59.57,19.14,7,1,3,3,7,249,180,72.29,4,3,13,8,2,5,0,5,1,0,2
Women's World Cup,England Women's,Haiti Women's,1,0,1,Winning,1,0,1,Winning,70.75,41.51,9,5,2,2,7,329,282,85.71,3,2,9,4,4,7,0,13,1,0,0,75.93,51.85,11,6,4,1,8,369,311,84.28,4,3,16,8,6,4,0,6,1,0,0
Women's World Cup,Haiti Women's,England Women's,0,1,-1,Losing,0,1,-1,Losing,29.25,-41.51,3,0,2,1,3,136,85,62.5,2,11,15,10,6,13,0,3,1,0,0,24.07,-51.85,4,2,2,0,2,117,60,51.28,1,5,6,5,7,12,0,2,0,0,1
UEFA Euro,Czech Republic,Netherlands,0,0,0,Drawing,2,0,2,Winning,44.52,-10.97,5,1,3,1,3,207,153,73.91,2,2,11,7,2,33,0,8,0,0,0,53.33,6.67,7,4,1,2,5,208,160,76.92,3,7,6,4,4,19,0,7,1,0,1
UEFA Euro,Netherlands,Czech Republic,0,0,0,Drawing,0,2,-2,Losing,55.48,10.97,5,0,4,1,4,258,196,75.97,6,8,7,4,13,16,0,1,0,0,1,46.67,-6.67,1,0,0,1,1,182,127,69.78,0,7,9,6,5,12,0,6,2,1,2
UEFA Euro,Spain,Croatia,1,0,1,Winning,3,2,1,Winning,71.4,42.81,11,4,5,2,8,392,351,89.54,6,12,6,5,3,4,0,7,0,0,1,57.48,14.96,5,3,2,0,3,269,230,85.5,0,15,12,8,4,8,0,3,0,0,1
UEFA Euro,Croatia,Spain,0,1,-1,Losing,2,3,-1,Losing,28.6,-42.81,2,0,2,0,1,157,120,76.43,0,6,5,3,2,16,0,10,0,0,2,42.52,-14.96,5,4,0,1,5,199,164,82.41,0,4,4,2,11,8,0,12,2,0,4
Women's World Cup,Jamaica Women's,Brazil Women's,0,1,-1,Losing,0,3,-3,Losing,36.72,-26.55,8,3,3,2,5,148,92,62.16,1,5,9,6,4,17,0,7,1,0,3,40.59,-18.82,4,0,1,3,2,151,96,63.58,2,10,17,14,4,8,0,3,0,0,0
Women's World Cup,Brazil Women's,Jamaica Women's,1,0,1,Winning,3,0,3,Winning,63.28,26.55,9,3,3,3,5,255,185,72.55,6,8,9,8,7,5,0,5,0,0,1,59.41,18.82,8,3,4,1,5,221,183,82.81,4,1,17,13,1,9,0,12,2,0,2
UEFA Euro,Ukraine,North Macedonia,2,0,2,Winning,2,1,1,Winning,61.86,23.72,10,5,3,2,7,326,286,87.73,4,3,7,6,11,1,0,6,1,0,1,39.95,-20.1,7,4,2,1,4,159,123,77.36,1,4,4,4,9,14,0,4,0,0,2
UEFA Euro,North Macedonia,Ukraine,0,2,-2,Losing,1,2,-1,Losing,38.14,-23.72,3,0,2,1,2,201,164,81.59,0,7,6,2,8,1,0,5,0,0,1,60.05,20.1,10,5,4,1,4,239,201,84.1,5,4,9,6,5,6,0,8,2,0,0
Women's World Cup,Japan Women's,Costa Rica Women's,2,0,2,Winning,2,0,2,Winning,59.04,18.08,14,5,7,2,11,320,261,81.56,4,8,5,4,7,7,0,4,0,0,1,53.75,7.51,9,6,3,0,6,272,216,79.41,5,4,8,7,7,6,0,6,0,0,0
Women's World Cup,Costa Rica Women's,Japan Women's,0,2,-2,Losing,0,2,-2,Losing,40.96,-18.08,2,0,1,0,1,222,159,71.62,0,4,4,3,4,6,0,10,0,0,0,46.25,-7.51,4,1,2,1,1,234,190,81.2,0,4,7,5,6,30,0,5,1,0,0
Women's World Cup,Jamaica Women's,Italy Women's,0,2,-2,Losing,0,5,-5,Losing,42.33,-15.35,1,0,1,0,0,171,121,70.76,1,2,8,3,6,24,0,3,1,0,0,44.81,-10.38,7,1,1,5,2,203,147,72.41,3,2,15,10,5,13,0,6,1,0,0
Women's World Cup,Italy Women's,Jamaica Women's,2,0,2,Winning,5,0,5,Winning,57.67,15.35,10,4,5,1,8,233,181,77.68,6,2,11,3,3,9,0,2,0,0,0,55.19,10.38,6,3,2,1,3,250,200,80.0,1,6,16,11,1,26,0,1,0,0,1
FIFA World Cup,England,Senegal,2,0,2,Winning,3,0,3,Winning,64.96,29.92,4,2,2,0,4,330,281,85.15,3,5,10,7,9,3,0,5,0,0,0,56.27,12.55,4,2,2,0,3,296,255,86.15,0,7,9,6,6,8,0,11,0,0,0
FIFA World Cup,Senegal,England,0,2,-2,Losing,0,3,-3,Losing,35.04,-29.92,3,1,1,1,3,178,139,78.09,0,5,6,3,7,14,0,6,0,0,0,43.73,-12.55,7,0,4,3,1,230,184,80.0,3,9,8,3,2,7,0,7,1,0,0
UEFA Euro,Germany,Hungary,0,1,-1,Losing,2,2,0,Drawing,73.73,47.46,8,2,4,2,8,421,379,90.02,1,5,10,6,12,3,0,5,1,0,1,77.52,55.03,10,4,2,4,9,362,319,88.12,5,5,7,5,6,6,0,3,1,0,1
UEFA Euro,Hungary,Germany,1,0,1,Winning,2,2,0,Drawing,26.27,-47.46,4,2,1,1,2,150,114,76.0,1,6,9,8,8,16,0,5,1,0,0,22.48,-55.03,5,1,4,0,2,105,71,67.62,0,3,10,3,7,18,0,6,2,0,0
UEFA Women's Euro,Denmark Women's,Germany Women's,0,1,-1,Losing,0,4,-4,Losing,36.66,-26.68,3,2,1,0,1,169,105,62.13,1,7,13,8,7,11,0,8,0,0,0,33.18,-33.64,3,0,3,0,2,145,98,67.59,3,7,9,5,16,14,0,4,3,0,1
UEFA Women's Euro,Germany Women's,Denmark Women's,1,0,1,Winning,4,0,4,Winning,63.34,26.68,9,4,5,0,6,292,236,80.82,3,7,10,7,12,8,0,5,1,0,2,66.82,33.64,13,5,1,7,8,292,238,81.51,4,5,4,2,7,5,0,6,2,0,2
FIFA World Cup,England,Iran,3,0,3,Winning,6,2,4,Winning,81.47,62.95,7,4,3,0,6,431,382,88.63,4,9,8,5,3,2,0,3,0,0,1,73.58,47.16,6,3,0,3,4,415,364,87.71,4,6,8,5,3,5,0,6,0,0,1
FIFA World Cup,Iran,England,0,3,-3,Losing,2,6,-4,Losing,18.53,-62.95,1,0,1,0,1,98,56,57.14,0,4,7,5,8,12,0,12,1,0,0,26.42,-47.16,7,3,3,1,5,149,107,71.81,0,6,5,0,13,9,0,9,1,0,2
Women's World Cup,France Women's,Panama Women's,4,1,3,Winning,6,3,3,Winning,77.56,55.11,19,5,8,6,14,311,255,81.99,7,3,10,8,5,8,0,7,0,0,0,63.92,27.84,7,3,4,0,4,248,193,77.82,4,3,18,11,7,10,0,12,0,0,1
Women's World Cup,Panama Women's,France Women's,1,4,-3,Losing,3,6,-3,Losing,22.44,-55.11,2,1,1,0,1,90,39,43.33,0,6,11,6,4,26,0,6,0,0,0,36.08,-27.84,4,2,2,0,2,140,83,59.29,0,11,12,9,3,16,0,3,1,0,1
UEFA Women's Euro,Iceland Women's,Italy Women's,1,0,1,Winning,1,1,0,Drawing,40.1,-19.79,6,1,3,2,6,154,92,59.74,1,9,6,3,5,16,0,10,0,0,0,29.23,-41.55,4,0,4,0,3,121,75,61.98,0,4,14,11,12,35,0,9,0,0,0
UEFA Women's Euro,Italy Women's,Iceland Women's,0,1,-1,Losing,1,1,0,Drawing,59.9,19.79,9,2,5,2,5,230,180,78.26,3,10,11,8,8,12,0,6,0,0,3,70.77,41.55,12,5,4,3,6,293,229,78.16,3,8,8,5,8,9,0,4,1,0,1
UEFA Euro,Poland,Spain,0,1,-1,Losing,1,1,0,Drawing,21.37,-57.25,4,1,3,0,2,112,71,63.39,1,6,19,11,13,22,0,6,1,0,1,27.54,-44.92,1,1,0,0,1,130,75,57.69,0,12,14,7,7,11,0,15,3,0,1
UEFA Euro,Spain,Poland,1,0,1,Winning,1,1,0,Drawing,78.63,57.25,6,2,3,1,4,412,361,87.62,5,6,12,8,5,2,0,6,0,0,0,72.46,44.92,6,3,3,0,6,342,297,86.84,2,11,4,3,6,11,0,11,2,0,1
Women's World Cup,Australia Women's,Sweden Women's,0,1,-1,Losing,0,2,-2,Losing,42.16,-15.68,7,3,3,1,5,199,144,72.36,3,5,6,6,8,4,0,6,1,0,1,51.53,3.06,4,1,3,0,1,219,140,63.93,0,14,12,6,9,5,0,3,0,0,0
Women's World Cup,Sweden Women's,Australia Women's,1,0,1,Winning,2,0,2,Winning,57.84,15.68,8,4,3,1,6,273,221,80.95,0,5,13,9,5,10,0,6,0,0,0,48.47,-3.06,3,1,1,1,2,206,135,65.53,0,3,13,8,7,19,0,13,2,0,1
FIFA World Cup,Ecuador,Senegal,0,1,-1,Losing,1,2,-1,Losing,51.21,2.41,2,0,0,2,0,191,149,78.01,0,4,8,5,6,8,0,12,0,0,0,67.99,35.98,7,4,3,0,6,274,213,77.74,3,8,9,7,3,21,0,11,0,0,0
FIFA World Cup,Senegal,Ecuador,1,0,1,Winning,2,1,1,Winning,48.79,-2.41,10,1,5,4,7,182,136,74.73,4,11,6,3,5,11,0,3,0,0,2,32.01,-35.98,3,2,1,0,2,129,77,59.69,2,11,5,2,2,28,0,7,1,0,1
FIFA World Cup,Australia,Tunisia,1,0,1,Winning,1,0,1,Winning,51.3,2.61,7,2,2,3,5,236,166,70.34,2,10,9,5,3,9,0,7,0,0,0,34.15,-31.71,2,0,2,0,1,168,108,64.29,0,8,13,6,8,25,0,9,0,0,0
FIFA World Cup,Tunisia,Australia,0,1,-1,Losing,0,1,-1,Losing,48.7,-2.61,4,0,2,2,3,224,156,69.64,2,6,6,2,5,24,0,9,1,0,1,65.85,31.71,10,4,2,4,5,324,250,77.16,3,9,12,5,3,11,0,6,2,0,2
UEFA Euro,Belgium,Italy,1,2,-1,Losing,1,2,-1,Losing,46.21,-7.58,6,3,0,3,3,250,204,81.6,6,6,14,12,4,7,0,6,1,0,1,47.64,-4.72,4,0,1,3,3,232,191,82.33,3,8,5,4,5,8,0,10,0,0,0
UEFA Euro,Italy,Belgium,2,1,1,Winning,2,1,1,Winning,53.79,7.58,9,3,3,3,5,291,265,91.07,2,7,9,4,5,11,0,7,1,0,1,52.36,4.72,5,1,3,1,3,255,221,86.67,3,10,8,3,3,17,0,8,1,0,1
Champions League,Bayern Munich,Inter Milan,0,1,-1,Losing,0,2,-2,Losing,66.73,33.47,10,1,6,3,3,327,277,84.71,2,6,10,7,1,4,0,8,1,0,0,69.53,39.05,12,2,1,9,6,308,258,83.77,4,5,14,10,2,7,0,9,1,0,0
Champions League,Inter Milan,Bayern Munich,1,0,1,Winning,2,0,2,Winning,33.27,-33.47,7,4,2,1,4,163,116,71.17,0,6,7,3,5,3,0,6,1,0,0,30.47,-39.05,5,3,1,1,3,135,90,66.67,2,6,1,0,4,13,0,8,0,0,0
Women's World Cup,Spain Women's,Switzerland Women's,4,0,4,Winning,5,0,5,Winning,73.25,46.49,19,6,6,7,16,397,344,86.65,7,2,6,5,5,4,0,4,0,0,0,65.02,30.04,7,4,2,1,2,329,279,84.8,4,4,12,7,3,3,0,12,0,0,1
Women's World Cup,Switzerland Women's,Spain Women's,0,4,-4,Losing,0,5,-5,Losing,26.75,-46.49,0,0,0,0,0,145,92,63.45,0,3,13,8,10,18,0,1,0,0,1,34.98,-30.04,2,1,1,0,1,177,131,74.01,0,13,11,4,13,8,0,8,1,0,0
FIFA World Cup,France,Denmark,0,0,0,Drawing,2,1,1,Winning,48.86,-2.28,13,2,4,7,9,278,237,85.25,1,5,11,7,7,4,0,4,1,0,0,48.7,-2.6,8,4,3,1,7,262,227,86.64,5,5,11,5,8,13,0,0,0,0,1
FIFA World Cup,Denmark,France,0,0,0,Drawing,1,2,-1,Losing,51.14,2.28,2,0,2,0,1,291,250,85.91,0,4,9,4,5,10,0,5,2,0,0,51.3,2.6,8,2,4,2,4,276,229,82.97,4,1,12,7,6,7,0,6,0,0,1
FIFA World Cup,Argentina,Mexico,0,0,0,Drawing,2,0,2,Winning,66.31,32.61,1,0,1,0,1,307,264,85.99,3,12,10,8,3,8,0,6,1,0,2,51.28,2.56,4,2,2,0,1,260,212,81.54,1,10,8,3,2,12,0,9,0,0,0
FIFA World Cup,Mexico,Argentina,0,0,0,Drawing,0,2,-2,Losing,33.69,-32.61,3,1,2,0,1,156,112,71.79,1,7,9,4,5,7,0,10,1,0,2,48.72,-2.56,1,0,0,1,0,247,192,77.73,1,9,10,5,11,8,0,11,3,0,2
UEFA Women's Euro,England Women's,Northern Ireland W,2,0,2,Winning,4,0,4,Winning,78.34,56.68,17,3,7,7,13,293,250,85.32,8,4,5,2,5,2,0,4,0,0,1,76.74,53.48,11,3,7,1,7,353,314,88.95,1,2,4,4,5,5,0,2,0,0,1
UEFA Women's Euro,Northern Ireland W,England Women's,0,2,-2,Losing,0,4,-4,Losing,21.66,-56.68,3,2,0,1,2,81,38,46.91,0,4,6,4,6,18,0,6,0,0,1,23.26,-53.48,2,0,0,2,0,107,66,61.68,0,3,11,5,10,13,0,2,0,0,0
UEFA Euro,France,Hungary,0,1,-1,Losing,1,1,0,Drawing,68.26,36.52,7,1,5,1,5,385,349,90.65,1,8,10,6,1,6,0,9,1,0,1,60.91,21.81,10,3,5,2,6,296,256,86.49,2,8,7,5,8,2,0,9,0,0,0
UEFA Euro,Hungary,France,1,0,1,Winning,1,1,0,Drawing,31.74,-36.52,3,2,0,1,1,179,140,78.21,1,9,11,9,9,6,0,10,0,0,0,39.09,-21.81,2,1,1,0,0,190,153,80.53,0,7,8,3,4,13,0,9,1,0,0
FIFA World Cup,Uruguay,Portugal,0,0,0,Drawing,0,2,-2,Losing,30.89,-38.23,4,1,3,0,3,164,108,65.85,1,4,4,2,5,8,0,10,2,0,0,51.41,2.81,7,2,4,1,4,274,216,78.83,1,9,10,6,4,4,0,6,0,0,0
FIFA World Cup,Portugal,Uruguay,0,0,0,Drawing,2,0,2,Winning,69.11,38.23,8,0,2,6,1,367,315,85.83,4,9,2,0,3,12,0,2,1,0,2,48.59,-2.81,7,3,4,0,3,259,210,81.08,2,5,6,4,4,19,0,9,2,0,1
Women's World Cup,England Women's,China PR Women's,3,0,3,Winning,6,1,5,Winning,74.26,48.51,9,4,3,2,8,424,372,87.74,3,2,8,5,4,9,0,3,0,0,2,72.69,45.39,8,3,4,1,6,402,350,87.06,1,3,12,7,6,11,0,8,1,0,0
Women's World Cup,China PR Women's,England Women's,0,3,-3,Losing,1,6,-5,Losing,25.74,-48.51,0,0,0,0,0,147,100,68.03,2,4,8,4,2,23,0,2,0,0,0,27.31,-45.39,7,3,3,1,3,151,94,62.25,1,5,11,8,5,16,0,3,0,0,0
UEFA Euro,Spain,Slovakia,1,0,1,Winning,3,0,3,Winning,65.97,31.94,13,6,4,3,10,316,276,87.34,4,5,4,1,7,3,0,7,1,0,0,65.31,30.63,6,3,3,0,4,386,355,91.97,3,9,9,6,3,0,0,1,1,0,0
UEFA Euro,Slovakia,Spain,0,1,-1,Losing,0,3,-3,Losing,34.03,-31.94,0,0,0,0,0,163,113,69.33,0,6,10,8,11,12,0,8,1,0,1,34.69,-30.63,3,0,1,1,1,205,180,87.8,0,1,8,3,3,9,0,10,1,0,0
UEFA Women's Euro,Portugal Women's,Switzerland Women's,0,2,-2,Losing,2,2,0,Drawing,51.47,2.94,3,0,3,0,2,245,189,77.14,2,9,15,10,10,4,0,4,0,0,1,63.4,26.79,14,7,5,2,9,265,206,77.74,7,3,9,6,7,10,0,5,0,0,1
UEFA Women's Euro,Switzerland Women's,Portugal Women's,2,0,2,Winning,2,2,0,Drawing,48.53,-2.94,4,2,0,2,3,231,169,73.16,0,5,18,13,10,5,0,10,1,0,0,36.6,-26.79,3,0,2,1,3,153,96,62.75,2,6,9,6,9,12,0,7,2,0,0
Women's World Cup,Norway Women's,Switzerland Women's,0,0,0,Drawing,0,0,0,Drawing,45.76,-8.48,6,1,4,1,6,259,205,79.15,3,8,9,6,5,6,0,7,0,0,2,56.44,12.88,9,4,4,1,6,263,205,77.95,4,3,3,0,5,10,0,5,0,0,2
Women's World Cup,Switzerland Women's,Norway Women's,0,0,0,Drawing,0,0,0,Drawing,54.24,8.48,4,0,1,3,2,307,246,80.13,1,8,9,4,5,8,0,8,0,0,1,43.56,-12.88,4,1,2,1,3,203,157,77.34,1,4,7,1,4,12,0,4,0,0,2
Women's World Cup,England Women's,Argentina Women's,0,0,0,Drawing,1,0,1,Winning,72.77,45.55,10,3,4,3,7,278,230,82.73,3,5,10,3,3,7,0,7,1,0,1,74.18,48.36,7,3,3,1,7,339,273,80.53,4,5,5,4,0,2,0,3,0,0,1
Women's World Cup,Argentina Women's,England Women's,0,0,0,Drawing,0,1,-1,Losing,27.23,-45.55,1,0,1,0,0,104,55,52.88,0,8,6,5,5,11,0,8,1,0,0,25.82,-48.36,1,1,0,0,0,118,63,53.39,0,3,8,4,8,16,0,4,1,0,1
UEFA Euro,England,Scotland,0,0,0,Drawing,0,0,0,Drawing,59.21,18.41,4,0,3,1,3,283,252,89.05,2,6,6,5,1,8,0,8,0,0,1,61.24,22.47,5,1,3,1,4,297,261,87.88,4,8,6,4,3,10,0,8,0,0,1
UEFA Euro,Scotland,England,0,0,0,Drawing,0,0,0,Drawing,40.79,-18.41,5,1,2,2,3,195,158,81.03,2,9,8,5,4,9,0,9,1,0,0,38.76,-22.47,6,0,1,5,4,188,151,80.32,3,6,9,6,15,17,0,11,1,0,0
FIFA World Cup,Brazil,Croatia,0,0,0,Drawing,0,0,0,Drawing,50.95,1.91,5,3,0,2,2,294,262,89.12,1,9,6,3,4,5,0,6,1,0,1,50.43,0.86,10,5,1,4,7,294,254,86.39,4,7,8,5,2,2,0,7,2,0,1
FIFA World Cup,Croatia,Brazil,0,0,0,Drawing,0,0,0,Drawing,49.05,-1.91,3,0,2,1,1,283,237,83.75,1,7,16,11,3,6,0,8,1,0,2,49.57,-0.86,3,0,1,2,2,289,262,90.66,1,8,8,4,10,17,0,7,0,0,1
UEFA Euro,Belgium,Portugal,1,0,1,Winning,1,0,1,Winning,49.25,-1.51,4,1,2,1,1,294,258,87.76,0,7,6,2,3,5,0,7,0,0,0,35.12,-29.76,2,0,2,0,0,177,136,76.84,0,4,10,5,4,19,0,10,2,0,1
UEFA Euro,Portugal,Belgium,0,1,-1,Losing,0,1,-1,Losing,50.75,1.51,8,1,5,2,3,303,268,88.45,1,5,6,4,11,6,0,5,1,0,3,64.88,29.76,15,3,8,4,6,327,274,83.79,2,8,11,9,7,5,0,5,2,0,0
Women's World Cup,Denmark Women's,China PR Women's,0,0,0,Drawing,1,0,1,Winning,53.35,6.69,2,0,1,1,0,279,205,73.48,1,3,14,9,3,16,0,4,1,0,1,58.87,17.75,11,2,5,4,6,272,205,75.37,5,9,13,7,1,12,0,5,0,0,2
Women's World Cup,China PR Women's,Denmark Women's,0,0,0,Drawing,0,1,-1,Losing,46.65,-6.69,3,1,2,0,1,244,177,72.54,3,5,17,11,6,20,0,3,0,0,0,41.13,-17.75,5,1,4,0,1,190,129,67.89,1,7,8,4,9,23,0,6,0,0,3
UEFA Euro,France,Switzerland,0,1,-1,Losing,3,3,0,Drawing,53.05,6.11,7,0,4,3,3,278,243,87.41,3,3,6,1,3,11,0,8,1,0,1,57.62,15.25,12,6,4,2,5,257,222,86.38,3,7,6,2,3,4,0,5,1,0,0
UEFA Euro,Switzerland,France,1,0,1,Winning,3,3,0,Drawing,46.95,-6.11,5,1,3,1,4,246,212,86.18,3,7,8,2,12,9,0,7,1,0,0,42.38,-15.25,4,3,0,1,3,189,157,83.07,0,2,13,5,8,10,0,7,2,0,1
Women's World Cup,United States Women's,Chile Women's,3,0,3,Winning,3,0,3,Winning,68.13,36.25,14,5,6,3,10,280,228,81.43,8,6,6,5,3,1,0,8,1,0,1,72.87,45.73,14,4,8,2,12,333,284,85.29,7,6,6,2,2,5,0,7,1,0,1
Women's World Cup,Chile Women's,United States Women's,0,3,-3,Losing,0,3,-3,Losing,31.87,-36.25,1,0,0,1,0,131,91,69.47,1,8,8,5,7,17,0,6,0,0,2,27.13,-45.73,0,0,0,0,0,124,80,64.52,0,8,14,8,2,15,0,8,3,0,0
Women's World Cup,South Africa Women's,Argentina Women's,1,0,1,Winning,2,2,0,Drawing,41.98,-16.03,8,2,5,1,4,199,135,67.84,3,2,15,9,6,10,0,7,1,0,2,37.39,-25.23,5,2,3,0,3,166,97,58.43,0,6,15,8,11,7,0,8,1,0,1
Women's World Cup,Argentina Women's,South Africa Women's,0,1,-1,Losing,2,2,0,Drawing,58.02,16.03,5,0,2,3,3,275,218,79.27,2,9,10,3,6,10,0,2,1,0,0,62.61,25.23,8,4,2,2,5,278,200,71.94,2,8,17,10,2,9,0,7,0,0,0
UEFA Women's Euro,Austria Women's,England Women's,0,1,-1,Losing,0,1,-1,Losing,39.49,-21.02,2,0,1,1,2,201,148,73.63,2,1,7,4,10,7,0,4,0,0,0,42.35,-15.3,7,2,1,4,5,191,132,69.11,2,6,10,7,6,10,0,7,0,0,0
UEFA Women's Euro,England Women's,Austria Women's,1,0,1,Winning,1,0,1,Winning,60.51,21.02,8,3,4,1,8,308,267,86.69,2,2,11,5,8,16,0,0,0,0,1,57.65,15.3,8,2,3,3,4,260,206,79.23,3,6,15,6,16,12,0,5,0,0,1
UEFA Women's Euro,Netherlands Women's,France Women's,0,0,0,Drawing,0,0,0,Drawing,41.24,-17.52,1,0,0,1,0,186,149,80.11,1,1,10,4,9,21,0,9,0,0,0,51.81,3.62,3,1,1,1,2,243,202,83.13,3,4,9,7,7,7,0,3,1,0,2
UEFA Women's Euro,France Women's,Netherlands Women's,0,0,0,Drawing,0,0,0,Drawing,58.76,17.52,12,3,6,3,9,265,213,80.38,4,8,12,9,7,12,0,1,0,0,0,48.19,-3.62,10,5,4,1,9,226,180,79.65,6,5,14,7,4,2,0,4,0,0,0
UEFA Women's Euro,Netherlands Women's,Switzerland Women's,0,0,0,Drawing,3,1,2,Winning,47.46,-5.08,7,2,2,3,3,243,208,85.6,1,2,10,7,8,14,0,8,0,0,0,52.22,4.45,11,7,3,1,8,223,180,80.72,1,1,14,8,6,10,0,4,0,0,2
UEFA Women's Euro,Switzerland Women's,Netherlands Women's,0,0,0,Drawing,1,3,-2,Losing,52.54,5.08,6,2,1,3,4,269,220,81.78,2,7,15,11,3,1,0,3,0,0,0,47.78,-4.45,6,4,1,1,4,204,151,74.02,4,6,9,4,6,8,0,1,0,0,0
Women's World Cup,Jamaica Women's,Brazil Women's,0,0,0,Drawing,0,0,0,Drawing,26.63,-46.74,0,0,0,0,0,139,64,46.04,0,1,8,4,6,19,0,7,1,0,1,31.54,-36.92,3,0,2,1,1,135,75,55.56,0,5,14,8,7,27,0,3,0,0,0
Women's World Cup,Brazil Women's,Jamaica Women's,0,0,0,Drawing,0,0,0,Drawing,73.37,46.74,10,5,4,1,8,383,298,77.81,0,7,12,7,2,9,0,2,0,0,0,68.46,36.92,8,3,3,2,5,293,219,74.74,6,1,9,9,2,9,0,2,0,0,3
FIFA World Cup,Senegal,Netherlands,0,0,0,Drawing,0,2,-2,Losing,46.53,-6.95,6,1,2,3,2,221,180,81.45,3,8,7,5,3,20,0,4,0,0,1,46.86,-6.28,9,3,5,1,6,209,164,78.47,3,6,7,6,6,14,0,9,2,0,1
FIFA World Cup,Netherlands,Senegal,0,0,0,Drawing,2,0,2,Winning,53.47,6.95,5,0,3,2,3,254,210,82.68,3,5,7,6,5,11,0,10,0,0,0,53.14,6.28,5,3,1,1,3,237,183,77.22,4,10,3,3,6,5,0,6,1,0,1
FIFA World Cup,Brazil,Mexico,0,0,0,Drawing,2,0,2,Winning,52.49,4.97,17,5,8,4,5,264,208,78.79,3,7,18,11,3,4,0,3,0,0,0,55.94,11.87,17,7,7,3,7,245,201,82.04,4,10,14,9,3,9,0,7,0,0,2
FIFA World Cup,Mexico,Brazil,0,0,0,Drawing,0,2,-2,Losing,47.51,-4.97,4,3,1,0,3,239,179,74.9,0,1,18,14,4,27,0,10,0,0,2,44.06,-11.87,5,1,3,1,3,193,143,74.09,2,8,17,9,4,11,0,11,1,0,2
Women's World Cup,Republic of Ireland Women's,Nigeria Women's,0,0,0,Drawing,0,0,0,Drawing,64.17,28.34,3,1,2,0,2,317,265,83.6,1,5,8,7,7,1,0,3,0,0,1,54.12,8.25,2,0,0,2,2,256,207,80.86,1,6,14,8,5,5,0,4,1,0,0
Women's World Cup,Nigeria Women's,Republic of Ireland Women's,0,0,0,Drawing,0,0,0,Drawing,35.83,-28.34,3,0,2,1,2,177,137,77.4,1,4,7,5,6,5,0,5,0,0,0,45.88,-8.25,8,2,3,3,4,217,182,83.87,2,4,11,9,10,6,0,6,0,0,0
Women's World Cup,Netherlands Women's,New Zealand Women's,0,0,0,Drawing,1,0,1,Winning,67.41,34.81,6,1,3,2,5,364,300,82.42,4,2,9,5,2,7,0,4,0,0,0,70.51,41.02,10,2,4,4,7,361,300,83.1,4,3,9,5,5,6,0,4,0,0,1
Women's World Cup,New Zealand Women's,Netherlands Women's,0,0,0,Drawing,0,1,-1,Losing,32.59,-34.81,3,2,1,0,1,176,111,63.07,1,4,11,9,4,15,0,3,0,0,0,29.49,-41.02,3,1,1,1,2,151,83,54.97,0,4,12,8,4,15,0,2,0,0,1
FIFA World Cup,Ghana,Uruguay,0,2,-2,Losing,0,2,-2,Losing,43.29,-13.42,3,2,0,1,1,200,151,75.5,2,6,15,9,3,11,0,8,0,0,0,58.6,17.2,6,2,3,1,3,293,233,79.52,3,6,12,8,3,15,0,13,2,0,1
FIFA World Cup,Uruguay,Ghana,2,0,2,Winning,2,0,2,Winning,56.71,13.42,5,3,1,1,5,262,206,78.63,1,8,15,10,3,11,0,7,1,0,0,41.4,-17.2,7,3,4,0,2,207,158,76.33,1,10,14,9,7,19,0,4,4,0,2
UEFA Euro,Turkey,Wales,0,1,-1,Losing,0,2,-2,Losing,56.76,13.52,7,1,1,5,5,277,232,83.75,4,4,4,2,2,12,0,10,0,0,1,67.95,35.9,11,4,4,3,7,282,235,83.33,6,4,4,3,6,15,0,9,2,0,0
UEFA Euro,Wales,Turkey,1,0,1,Winning,2,0,2,Winning,43.24,-13.52,6,2,4,0,6,211,166,78.67,2,10,6,2,8,11,0,5,0,0,0,32.05,-35.9,10,5,2,3,9,133,90,67.67,5,8,6,5,7,14,0,4,2,0,1
Women's World Cup,Korea Republic Women's,Norway Women's,0,1,-1,Losing,1,2,-1,Losing,54.75,9.5,13,3,6,4,9,196,142,72.45,3,7,8,4,2,5,0,5,1,0,0,61.08,22.15,9,3,2,4,8,284,232,81.69,1,6,6,5,8,7,0,10,1,0,0
Women's World Cup,Norway Women's,Korea Republic Women's,1,0,1,Winning,2,1,1,Winning,45.25,-9.5,4,1,2,1,3,162,123,75.93,2,3,7,5,4,24,0,7,0,0,3,38.92,-22.15,4,1,2,1,2,181,131,72.38,1,8,11,7,3,20,0,6,0,0,0
Women's World Cup,United States Women's,Netherlands Women's,0,1,-1,Losing,1,1,0,Drawing,39.25,-21.5,9,2,3,4,6,188,131,69.68,5,10,12,8,3,11,0,7,0,0,0,49.15,-1.7,9,1,5,3,6,231,154,66.67,6,6,9,7,9,8,0,7,1,0,1
Women's World Cup,Netherlands Women's,United States Women's,1,0,1,Winning,1,1,0,Drawing,60.75,21.5,2,1,1,0,1,291,245,84.19,0,6,13,9,2,19,0,11,0,0,0,50.85,1.7,3,0,1,2,2,239,173,72.38,1,8,14,9,3,29,0,5,0,0,1
FIFA World Cup,Germany,German DR,0,0,0,Drawing,0,1,-1,Losing,55.64,11.28,13,3,4,6,6,217,173,79.72,4,8,10,4,10,4,0,6,0,0,4,66.99,33.97,15,2,9,4,6,280,232,82.86,6,7,5,2,3,2,0,5,0,0,1
FIFA World Cup,German DR,Germany,0,0,0,Drawing,1,0,1,Winning,44.36,-11.28,8,1,5,2,3,173,131,75.72,2,7,12,8,6,14,0,6,1,0,1,33.01,-33.97,5,3,2,0,1,138,101,73.19,1,4,7,4,8,23,0,6,2,0,1
Women's World Cup,Canada Women's,Cameroon W,1,0,1,Winning,1,0,1,Winning,73.62,47.25,8,2,3,3,7,321,258,80.37,7,6,15,9,3,7,0,2,0,0,3,72.57,45.15,8,2,3,3,4,299,234,78.26,3,8,11,8,0,9,0,8,0,0,1
Women's World Cup,Cameroon W,Canada Women's,0,1,-1,Losing,0,1,-1,Losing,26.38,-47.25,3,0,2,1,1,115,64,55.65,2,5,8,7,6,24,0,5,1,0,1,27.43,-45.15,1,0,1,0,1,113,55,48.67,2,8,11,5,8,21,0,8,1,0,2
Women's World Cup,Germany Women's,Morocco Women's,2,0,2,Winning,4,0,4,Winning,72.96,45.91,8,3,2,3,7,375,321,85.6,2,9,12,7,7,5,0,5,0,0,2,73.42,46.84,8,3,4,1,7,395,334,84.56,4,6,12,5,2,2,0,5,1,0,3
Women's World Cup,Morocco Women's,Germany Women's,0,2,-2,Losing,0,4,-4,Losing,27.04,-45.91,2,1,0,1,0,139,86,61.87,0,6,18,9,8,9,0,6,0,0,3,26.58,-46.84,4,3,0,1,2,143,91,63.64,2,7,11,7,6,12,0,6,0,0,1
UEFA Women's Euro,Iceland Women's,France Women's,0,1,-1,Losing,1,1,0,Drawing,37.58,-24.84,3,0,3,0,2,171,122,71.35,3,6,5,3,13,12,0,6,1,0,1,39.4,-21.2,5,2,3,0,3,158,93,58.86,3,6,9,5,10,10,0,5,1,0,1
UEFA Women's Euro,France Women's,Iceland Women's,1,0,1,Winning,1,1,0,Drawing,62.42,24.84,9,3,2,4,5,284,237,83.45,2,5,7,6,8,4,0,4,0,0,2,60.6,21.2,9,1,3,5,8,243,190,78.19,2,5,6,3,7,11,0,6,1,0,2
Champions League,Juventus,Ajax,0,1,-1,Losing,0,1,-1,Losing,43.86,-12.29,6,4,2,0,2,182,123,67.58,2,18,8,4,3,12,0,10,0,0,0,45.66,-8.68,5,1,2,2,2,184,130,70.65,2,19,11,9,8,10,0,5,1,0,3
Champions League,Ajax,Juventus,1,0,1,Winning,1,0,1,Winning,56.14,12.29,21,4,14,3,8,233,185,79.4,3,10,12,8,4,16,0,18,0,0,1,54.34,8.68,10,2,7,1,4,219,167,76.26,1,7,10,7,5,13,0,19,0,0,1
Champions League,Real Madrid,Atlético Madrid,1,0,1,Winning,1,1,0,Drawing,49.59,-0.83,5,2,1,2,2,299,247,82.61,1,7,10,7,4,10,0,8,1,0,0,44.92,-10.16,10,3,2,5,6,199,161,80.9,3,7,10,7,6,18,0,10,3,0,0
Champions League,Atlético Madrid,Real Madrid,0,1,-1,Losing,1,1,0,Drawing,50.41,0.83,5,3,2,0,1,304,244,80.26,1,6,8,5,1,3,0,7,0,0,1,55.08,10.16,11,1,8,2,7,244,195,79.92,1,7,9,7,0,9,0,9,2,0,0
UEFA Euro,Belgium,Russia,2,0,2,Winning,3,0,3,Winning,66.5,33.0,7,3,3,1,5,395,347,87.85,1,3,5,4,9,11,0,3,0,0,0,64.56,29.12,2,1,0,1,1,368,328,89.13,1,11,6,3,6,7,0,9,0,0,0
UEFA Euro,Russia,Belgium,0,2,-2,Losing,0,3,-3,Losing,33.5,-33.0,2,1,1,0,1,199,146,73.37,2,2,10,6,5,12,0,4,0,0,0,35.44,-29.12,3,0,2,1,1,202,146,72.28,2,6,14,9,9,2,0,10,0,0,3
UEFA Euro,Czech Republic,Scotland,1,0,1,Winning,2,0,2,Winning,49.46,-1.09,4,2,2,0,3,227,167,73.57,5,2,6,3,11,22,0,3,0,0,1,36.98,-26.05,6,5,1,0,4,159,103,64.78,1,5,10,8,17,18,0,4,0,0,1
UEFA Euro,Scotland,Czech Republic,0,1,-1,Losing,0,2,-2,Losing,50.54,1.09,6,1,1,4,5,232,171,73.71,2,4,10,4,11,21,0,2,0,0,0,63.02,26.05,13,3,3,7,9,271,215,79.34,4,4,5,2,12,15,0,5,0,0,1
Women's World Cup,France Women's,Brazil Women's,1,0,1,Winning,2,1,1,Winning,53.86,7.73,6,4,2,0,3,223,148,66.37,2,6,22,16,12,10,0,8,2,0,2,53.53,7.07,14,3,3,8,7,250,179,71.6,3,4,16,12,5,13,0,6,1,0,0
Women's World Cup,Brazil Women's,France Women's,0,1,-1,Losing,1,2,-1,Losing,46.14,-7.73,4,1,2,1,1,191,129,67.54,1,8,7,3,2,8,0,8,1,0,0,46.47,-7.07,7,1,2,4,3,217,152,70.05,2,6,23,14,8,22,0,4,0,0,0
Women's World Cup,Sweden Women's,Thailand W,3,0,3,Winning,5,1,4,Winning,73.44,46.88,20,8,9,3,17,365,318,87.12,4,3,9,5,3,2,0,5,0,0,0,70.14,40.28,15,5,6,3,11,296,250,84.46,2,2,10,9,3,2,0,5,0,0,0
Women's World Cup,Thailand W,Sweden Women's,0,3,-3,Losing,1,5,-4,Losing,26.56,-46.88,2,0,2,0,1,132,85,64.39,0,5,13,5,11,16,0,3,1,0,1,29.86,-40.28,5,3,1,1,4,126,85,67.46,0,5,21,12,9,23,0,4,1,0,0
Women's World Cup,United States Women's,Vietnam Women's,2,0,2,Winning,3,0,3,Winning,66.23,32.46,17,5,7,5,15,253,194,76.68,4,9,7,5,6,8,0,8,0,0,2,65.61,31.22,12,1,10,1,11,290,212,73.1,5,3,8,5,3,9,0,6,1,0,3
Women's World Cup,Vietnam Women's,United States Women's,0,2,-2,Losing,0,3,-3,Losing,33.77,-32.46,0,0,0,0,0,129,72,55.81,0,9,16,9,7,18,0,11,0,0,0,34.39,-31.22,0,0,0,0,0,152,76,50.0,0,9,13,6,6,30,0,10,1,0,0
Women's World Cup,Norway Women's,Nigeria Women's,2,0,2,Winning,2,0,2,Winning,58.78,17.56,6,2,3,0,4,231,174,75.32,3,5,8,3,3,11,0,2,0,0,2,58.44,16.87,4,2,1,1,3,239,189,79.08,2,3,8,3,4,12,0,5,0,0,3
Women's World Cup,Nigeria Women's,Norway Women's,0,2,-2,Losing,0,2,-2,Losing,41.22,-17.56,5,1,2,2,4,162,97,59.88,3,4,9,8,3,13,0,6,2,0,1,41.56,-16.87,5,0,5,0,2,170,112,65.88,2,6,17,12,4,10,0,5,0,0,0
Women's World Cup,Philippines Women's,New Zealand Women's,1,0,1,Winning,1,0,1,Winning,31.84,-36.32,2,1,1,0,1,149,80,53.69,0,6,7,6,4,22,0,3,0,0,0,33.02,-33.96,2,0,2,0,0,141,59,41.84,0,5,10,1,5,12,0,6,1,0,1
Women's World Cup,New Zealand Women's,Philippines Women's,0,1,-1,Losing,0,1,-1,Losing,68.16,36.32,9,1,5,3,6,319,238,74.61,2,2,11,7,1,11,0,6,1,0,0,66.98,33.96,9,3,6,0,6,286,194,67.83,5,7,4,3,2,9,0,4,0,0,2
FIFA World Cup,Argentina,Croatia,2,0,2,Winning,3,0,3,Winning,38.94,-22.12,5,4,0,1,3,220,184,83.64,2,2,10,4,6,7,0,7,0,0,1,41.17,-17.67,4,3,1,0,3,212,174,82.08,0,4,14,9,2,11,0,13,2,0,0
FIFA World Cup,Croatia,Argentina,0,2,-2,Losing,0,3,-3,Losing,61.06,22.12,4,0,3,1,3,345,298,86.38,2,4,10,5,6,4,0,5,2,0,0,58.83,17.67,8,2,4,2,3,303,261,86.14,2,11,11,11,6,4,0,5,0,0,0
UEFA Women's Euro,Netherlands Women's,Sweden Women's,0,1,-1,Losing,1,1,0,Drawing,51.98,3.97,5,2,3,0,2,275,219,79.64,0,2,17,11,4,14,0,3,0,0,0,45.98,-8.04,5,2,1,2,4,206,148,71.84,3,5,18,10,7,14,0,1,0,0,1
UEFA Women's Euro,Sweden Women's,Netherlands Women's,1,0,1,Winning,1,1,0,Drawing,48.02,-3.97,6,1,4,1,5,254,200,78.74,1,3,8,6,4,6,0,2,0,0,0,54.02,8.04,5,3,1,1,1,242,194,80.17,5,2,9,6,10,9,0,7,0,0,0
UEFA Euro,England,Czech Republic,1,0,1,Winning,1,0,1,Winning,59.28,18.55,6,3,3,0,5,278,236,84.89,5,7,4,1,13,13,0,7,0,0,2,53.59,7.18,0,0,0,0,0,276,226,81.88,1,5,3,2,11,9,0,5,0,0,3
UEFA Euro,Czech Republic,England,0,1,-1,Losing,0,1,-1,Losing,40.72,-18.55,5,1,1,3,4,191,148,77.49,2,8,5,3,10,16,0,6,0,0,1,46.41,-7.18,2,0,2,0,1,239,186,77.82,2,8,8,4,9,10,0,5,1,0,1
Women's World Cup,Spain Women's,Germany Women's,0,1,-1,Losing,0,1,-1,Losing,63.71,27.43,8,1,2,5,2,295,227,76.95,3,5,13,11,1,0,0,3,0,0,0,65.85,31.7,9,1,4,4,4,268,203,75.75,4,6,12,8,0,12,0,6,0,0,3
Women's World Cup,Germany Women's,Spain Women's,1,0,1,Winning,1,0,1,Winning,36.29,-27.43,6,4,1,1,4,168,111,66.07,0,2,18,12,7,19,0,5,0,0,3,34.15,-31.7,7,3,4,0,6,139,89,64.03,2,8,17,10,5,30,0,5,1,0,2
FIFA World Cup,Morocco,Croatia,0,0,0,Drawing,0,0,0,Drawing,41.13,-17.73,5,0,0,5,1,232,190,81.9,0,6,14,10,7,10,0,7,0,0,0,30.04,-39.92,3,2,0,1,1,152,111,73.03,0,5,9,3,8,12,0,11,1,0,0
FIFA World Cup,Croatia,Morocco,0,0,0,Drawing,0,0,0,Drawing,58.87,17.73,4,1,2,1,2,332,282,84.94,2,6,9,5,6,4,0,7,0,0,0,69.96,39.92,1,0,0,1,1,354,295,83.33,3,9,8,6,6,5,0,5,0,0,1
FIFA World Cup,Ghana,Portugal,0,0,0,Drawing,2,3,-1,Losing,30.91,-38.18,0,0,0,0,0,183,143,78.14,2,8,5,4,5,9,0,12,1,0,0,47.54,-4.92,9,3,5,1,3,232,193,83.19,1,7,15,11,7,4,0,8,3,0,1
FIFA World Cup,Portugal,Ghana,0,0,0,Drawing,3,2,1,Winning,69.09,38.18,7,2,3,2,4,409,359,87.78,3,11,8,6,0,7,0,8,0,0,0,52.46,4.92,4,3,0,1,3,256,217,84.77,0,8,14,11,3,11,0,7,2,0,1
UEFA Euro,Germany,Portugal,0,1,-1,Losing,2,2,0,Drawing,63.39,26.77,9,5,2,2,7,322,287,89.13,3,4,6,6,4,4,0,7,0,0,1,51.7,3.4,4,2,2,0,4,274,248,90.51,0,4,8,6,7,14,0,9,2,0,0
UEFA Euro,Portugal,Germany,1,0,1,Winning,2,2,0,Drawing,36.61,-26.77,3,1,1,1,2,186,154,82.8,2,8,4,2,1,22,0,2,0,0,2,48.3,-3.4,4,1,2,1,2,256,219,85.55,4,7,7,5,4,2,0,5,0,0,0
UEFA Women's Euro,Netherlands Women's,Portugal Women's,2,1,1,Winning,3,2,1,Winning,66.29,32.59,14,4,6,4,10,297,245,82.49,7,4,11,9,3,8,0,5,2,0,1,57.77,15.53,4,1,3,0,0,238,187,78.57,0,9,12,6,12,14,0,4,2,0,3
UEFA Women's Euro,Portugal Women's,Netherlands Women's,1,2,-1,Losing,2,3,-1,Losing,33.71,-32.59,5,1,2,1,4,151,109,72.19,2,4,14,6,11,15,0,1,1,0,3,42.23,-15.53,5,5,0,0,3,174,115,66.09,2,7,21,13,11,4,0,10,2,0,0
UEFA Euro,England,Italy,1,0,1,Winning,1,1,0,Drawing,35.12,-29.76,1,1,0,0,1,190,144,75.79,2,8,7,1,10,10,0,8,0,0,1,30.43,-39.13,3,0,2,0,2,154,117,75.97,2,10,10,8,6,6,0,7,0,0,0
UEFA Euro,Italy,England,0,1,-1,Losing,1,1,0,Drawing,64.88,29.76,6,1,4,1,1,351,309,88.03,1,5,13,4,11,6,0,7,0,0,2,69.57,39.13,8,4,3,1,7,352,324,92.05,1,2,6,4,3,7,0,12,4,0,0
FIFA World Cup,England,Wales,0,0,0,Drawing,3,0,3,Winning,73.72,47.45,9,2,4,3,5,390,338,86.67,4,6,1,1,5,3,0,6,0,0,0,53.1,6.19,9,5,3,1,8,240,215,89.58,2,10,5,5,4,6,0,5,0,0,1
FIFA World Cup,Wales,England,0,0,0,Drawing,0,3,-3,Losing,26.28,-47.45,2,0,1,1,0,139,93,66.91,0,6,5,4,2,13,0,8,1,0,0,46.9,-6.19,5,1,2,2,2,212,181,85.38,1,3,9,5,2,1,0,11,1,0,1
Women's World Cup,Japan Women's,Norway Women's,0,1,-1,Losing,2,1,1,Winning,66.97,33.94,9,0,4,5,4,367,318,86.65,5,4,5,3,4,9,0,6,0,0,0,50.0,0.0,7,4,2,1,4,273,224,82.05,1,4,9,5,8,29,0,1,0,0,2
Women's World Cup,Norway Women's,Japan Women's,1,0,1,Winning,1,2,-1,Losing,33.03,-33.94,2,1,1,0,1,181,133,73.48,0,6,4,3,6,22,0,5,0,0,0,50.0,0.0,6,2,3,1,5,273,214,78.39,1,2,2,0,4,13,0,4,0,0,0
Copa del Rey,Real Madrid,Barcelona,0,1,-1,Losing,1,2,-1,Losing,50.17,0.34,5,2,1,2,1,149,126,84.56,1,12,4,2,5,5,0,11,1,0,4,56.86,13.73,5,1,3,1,2,203,164,80.79,0,14,10,6,5,10,0,7,0,0,3
Copa del Rey,Barcelona,Real Madrid,1,0,1,Winning,2,1,1,Winning,49.83,-0.34,5,2,3,0,3,148,116,78.38,1,14,8,6,4,5,0,14,1,0,1,43.14,-13.73,10,6,4,0,4,154,116,75.32,5,9,13,8,3,9,0,17,1,0,1
Women's World Cup,Korea Republic Women's,Morocco Women's,0,1,-1,Losing,0,1,-1,Losing,62.33,24.66,5,0,4,1,5,273,209,76.56,0,9,16,10,6,7,0,1,0,0,4,63.25,26.51,12,0,8,4,7,241,178,73.86,6,4,12,9,2,10,0,6,0,0,0
Women's World Cup,Morocco Women's,Korea Republic Women's,1,0,1,Winning,1,0,1,Winning,37.67,-24.66,6,1,4,1,3,165,118,71.52,2,5,9,6,6,13,0,9,0,0,0,36.75,-26.51,4,1,3,0,3,140,79,56.43,1,6,18,12,8,20,0,8,1,0,0
Champions League,AC Milan,Liverpool,1,0,1,Winning,2,1,1,Winning,56.29,12.59,3,2,0,1,1,237,182,76.79,1,14,12,5,0,30,0,10,1,0,0,49.31,-1.38,3,1,1,1,1,215,148,68.84,3,10,12,9,1,25,0,9,1,0,3
Champions League,Liverpool,AC Milan,0,1,-1,Losing,1,2,-1,Losing,43.71,-12.59,5,1,3,1,2,184,118,64.13,1,7,14,7,2,12,0,15,0,0,2,50.69,1.38,9,3,3,3,4,221,166,75.11,5,11,14,9,6,9,0,11,2,0,1
Champions League,Real Madrid,Juventus,1,1,0,Drawing,4,1,3,Winning,53.2,6.4,5,1,2,2,3,291,259,89.0,0,12,6,3,3,11,0,13,2,0,0,59.03,18.06,13,4,4,5,7,268,222,82.84,1,14,6,3,6,1,0,4,1,0,1
Champions League,Juventus,Real Madrid,1,1,0,Drawing,1,4,-3,Losing,46.8,-6.4,8,4,0,4,3,256,203,79.3,1,12,8,4,6,4,0,12,1,0,1,40.97,-18.06,1,0,1,0,1,186,142,76.34,0,5,3,1,4,4,0,14,3,1,2
UEFA Euro,Wales,Switzerland,0,0,0,Drawing,1,1,0,Drawing,29.28,-41.44,2,1,0,1,2,142,107,75.35,1,3,6,3,5,13,0,2,0,0,0,45.95,-8.11,7,1,1,5,5,187,150,80.21,3,10,3,1,3,10,0,4,1,0,0
UEFA Euro,Switzerland,Wales,0,0,0,Drawing,1,1,0,Drawing,70.72,41.44,11,1,5,5,8,343,295,86.01,7,2,3,3,3,2,0,4,1,0,0,54.05,8.11,7,3,2,2,4,220,182,82.73,5,4,10,5,7,9,0,6,1,0,4
FIFA World Cup,Brazil,Uruguay,1,1,0,Drawing,3,1,2,Winning,60.44,20.88,10,3,4,3,3,275,236,85.82,5,11,19,12,1,10,0,14,1,0,0,53.14,6.28,13,5,8,0,3,203,177,87.19,0,10,7,3,5,12,0,8,0,0,0
FIFA World Cup,Uruguay,Brazil,1,1,0,Drawing,1,3,-2,Losing,39.56,-20.88,11,3,3,5,4,180,147,81.67,1,11,18,12,6,10,0,10,3,0,4,46.86,-6.28,7,2,2,3,1,179,126,70.39,1,7,11,4,2,6,0,11,0,0,2
FIFA World Cup,England,Argentina,0,0,0,Drawing,1,2,-1,Losing,43.1,-13.8,3,0,2,1,1,178,137,76.97,0,7,20,8,3,15,0,13,1,0,2,56.82,13.64,9,4,1,4,5,175,113,64.57,6,7,9,3,2,9,0,7,0,0,2
FIFA World Cup,Argentina,England,0,0,0,Drawing,2,1,1,Winning,56.9,13.8,10,0,3,7,1,235,196,83.4,4,9,5,3,2,10,0,7,0,0,0,43.18,-13.64,5,3,2,0,3,133,95,71.43,0,6,6,0,2,34,0,8,1,0,0
Women's World Cup,Australia Women's,France Women's,0,0,0,Drawing,0,0,0,Drawing,47.78,-4.44,3,1,1,1,2,215,158,73.49,2,3,6,2,3,19,0,4,0,0,0,52.71,5.42,11,2,3,6,8,175,118,67.43,5,6,7,4,2,19,0,4,0,0,0
Women's World Cup,France Women's,Australia Women's,0,0,0,Drawing,0,0,0,Drawing,52.22,4.44,9,2,6,1,5,235,174,74.04,4,3,7,4,3,9,0,3,0,0,0,47.29,-5.42,5,0,2,3,2,157,106,67.52,4,4,13,7,4,20,0,5,0,0,2
FIFA World Cup,Argentina,Netherlands,0,2,-2,Losing,0,4,-4,Losing,43.33,-13.35,2,0,0,2,1,185,141,76.22,1,16,9,5,4,9,0,5,1,0,1,40.95,-18.09,1,1,0,0,0,206,159,77.18,0,11,10,8,8,4,0,8,0,0,0
FIFA World Cup,Netherlands,Argentina,2,0,2,Winning,4,0,4,Winning,56.67,13.35,10,3,4,2,5,242,198,81.82,3,6,16,10,11,6,0,10,1,0,7,59.05,18.09,8,5,2,1,5,297,251,84.51,2,7,16,9,5,3,0,8,1,0,4
Women's World Cup,Australia Women's,England Women's,0,1,-1,Losing,1,3,-2,Losing,33.82,-32.35,4,1,0,3,3,161,112,69.57,3,9,10,7,0,6,0,1,0,0,1,53.77,7.55,8,3,2,3,6,228,167,73.25,3,2,9,3,1,5,0,3,0,0,0
Women's World Cup,England Women's,Australia Women's,1,0,1,Winning,3,1,2,Winning,66.18,32.35,7,2,2,3,7,315,275,87.3,2,2,5,3,1,13,0,11,1,0,0,46.23,-7.55,8,3,4,1,5,196,150,76.53,3,3,14,9,6,17,0,3,1,0,0
Women's World Cup,Australia Women's,Republic of Ireland Women's,0,0,0,Drawing,1,0,1,Winning,62.61,25.23,5,1,3,1,3,273,222,81.32,5,5,12,8,3,12,0,4,0,0,0,60.72,21.45,8,1,3,4,5,218,175,80.28,1,4,7,4,2,21,0,9,0,0,0
Women's World Cup,Republic of Ireland Women's,Australia Women's,0,0,0,Drawing,0,1,-1,Losing,37.39,-25.23,1,0,1,0,1,163,105,64.42,0,3,21,12,5,13,0,6,1,0,0,39.28,-21.45,8,1,5,2,6,141,84,59.57,7,8,5,3,3,4,0,5,0,0,0
FIFA World Cup,Australia,Denmark,0,0,0,Drawing,1,0,1,Winning,35.26,-29.48,4,3,0,1,1,195,132,67.69,0,8,6,3,7,11,0,6,1,0,0,30.27,-39.45,4,1,1,2,2,155,87,56.13,2,5,7,3,4,18,0,6,1,0,1
FIFA World Cup,Denmark,Australia,0,0,0,Drawing,0,1,-1,Losing,64.74,29.48,5,2,2,1,5,358,297,82.96,2,6,7,3,8,11,0,6,0,0,2,69.73,39.45,9,2,3,4,7,357,293,82.07,4,6,8,5,4,16,0,4,1,0,1
UEFA Euro,Hungary,Portugal,0,0,0,Drawing,0,3,-3,Losing,33.33,-33.33,1,1,0,0,1,168,123,73.21,0,9,14,9,11,13,0,7,0,0,0,29.27,-41.46,4,2,2,0,1,156,119,76.28,0,7,9,7,8,11,0,7,2,0,1
UEFA Euro,Portugal,Hungary,0,0,0,Drawing,3,0,3,Winning,66.67,33.33,5,2,3,0,4,336,289,86.01,2,6,16,9,10,6,0,9,1,0,1,70.73,41.46,6,5,1,0,5,377,338,89.66,4,6,11,7,4,9,0,7,0,0,0
FIFA World Cup,Morocco,Croatia,1,2,-1,Losing,1,2,-1,Losing,41.49,-17.02,4,1,3,0,3,217,180,82.95,2,8,4,2,7,9,0,5,0,0,0,57.06,14.12,5,1,2,2,4,295,251,85.08,1,7,6,3,9,7,0,10,2,0,2
FIFA World Cup,Croatia,Morocco,2,1,1,Winning,2,1,1,Winning,58.51,17.02,8,4,2,2,4,306,264,86.27,2,3,5,4,3,6,0,6,0,0,2,42.94,-14.12,4,0,3,1,1,222,175,78.83,4,10,11,8,5,13,0,8,0,0,0
Champions League,Tottenham Hotspur,Liverpool,0,1,-1,Losing,0,2,-2,Losing,62.37,24.73,2,0,2,0,0,290,232,80.0,2,5,5,3,3,10,0,2,0,0,1,64.47,28.94,14,8,2,4,8,274,215,78.47,6,2,5,1,1,18,0,3,0,0,2
Champions League,Liverpool,Tottenham Hotspur,1,0,1,Winning,2,0,2,Winning,37.63,-24.73,8,2,3,3,2,175,114,65.14,6,2,9,6,8,8,0,6,0,0,1,35.53,-28.94,6,1,2,3,4,151,88,58.28,3,5,5,4,3,15,0,4,0,0,1
Women's World Cup,Korea Republic Women's,Nigeria Women's,0,0,0,Drawing,0,1,-1,Losing,61.32,22.64,7,2,3,2,3,260,207,79.62,1,6,8,4,1,15,0,4,0,0,1,65.99,31.98,10,5,1,4,5,293,247,84.3,5,6,8,6,1,12,0,5,2,0,1
Women's World Cup,Nigeria Women's,Korea Republic Women's,0,0,0,Drawing,1,0,1,Winning,38.68,-22.64,6,1,4,1,4,164,117,71.34,3,5,6,4,8,23,0,6,0,0,0,34.01,-31.98,7,1,5,1,2,151,107,70.86,0,6,16,6,6,19,0,4,1,0,2
Women's World Cup,Costa Rica Women's,Zambia W,0,2,-2,Losing,1,3,-2,Losing,54.16,8.31,6,1,3,2,6,215,166,77.21,0,10,8,5,6,14,0,13,3,0,0,60.5,20.99,10,2,6,2,8,219,155,70.78,3,9,10,5,8,14,0,1,0,0,3
Women's World Cup,Zambia W,Costa Rica Women's,2,0,2,Winning,3,1,2,Winning,45.84,-8.31,7,3,3,1,4,182,114,62.64,3,9,9,6,1,5,0,11,1,0,0,39.5,-20.99,8,5,2,1,6,143,84,58.74,4,3,9,3,5,20,0,10,1,0,0
FIFA World Cup,Qatar,Netherlands,0,1,-1,Losing,0,2,-2,Losing,30.85,-38.29,3,2,1,0,1,195,152,77.95,2,11,7,4,8,7,0,5,0,0,0,42.42,-15.16,2,1,1,0,0,291,244,83.85,0,12,6,5,4,4,0,3,0,0,0
FIFA World Cup,Netherlands,Qatar,1,0,1,Winning,2,0,2,Winning,69.15,38.29,10,2,5,3,7,437,393,89.93,2,5,9,4,3,5,0,8,0,0,3,57.58,15.16,3,2,1,0,3,395,354,89.62,2,3,7,5,1,3,0,11,1,0,1
Women's World Cup,Netherlands Women's,South Africa Women's,1,0,1,Winning,2,0,2,Winning,71.77,43.54,7,4,1,2,4,361,300,83.1,3,3,14,8,8,6,0,5,0,0,1,68.22,36.43,5,2,2,1,4,352,285,80.97,3,8,17,12,4,10,0,4,1,0,2
Women's World Cup,South Africa Women's,Netherlands Women's,0,1,-1,Losing,0,2,-2,Losing,28.23,-43.54,9,6,2,1,4,142,87,61.27,1,5,11,6,4,10,0,4,0,0,0,31.78,-36.43,5,2,2,1,2,164,101,61.59,4,6,12,8,8,10,0,8,0,0,0
UEFA Women's Euro,Austria Women's,Northern Ireland W,1,0,1,Winning,2,0,2,Winning,64.92,29.84,7,4,2,1,6,248,192,77.42,0,4,8,5,3,9,0,5,0,0,2,51.26,2.51,11,4,2,5,7,204,144,70.59,6,3,10,7,10,10,0,2,0,0,2
UEFA Women's Euro,Northern Ireland W,Austria Women's,0,1,-1,Losing,0,2,-2,Losing,35.08,-29.84,2,2,0,0,0,134,95,70.9,2,7,11,3,9,22,0,5,0,0,0,48.74,-2.51,2,0,2,0,1,194,139,71.65,1,4,14,9,6,12,0,4,0,0,0
FIFA World Cup,Wales,United States,0,1,-1,Losing,1,1,0,Drawing,33.51,-32.97,2,0,2,0,1,187,149,79.68,1,7,9,5,7,16,0,4,2,0,0,51.72,3.43,5,3,1,1,4,256,190,74.22,2,8,15,12,3,13,0,6,0,0,1
FIFA World Cup,United States,Wales,1,0,1,Winning,1,1,0,Drawing,66.49,32.97,3,1,2,0,2,371,329,88.68,2,4,6,3,5,6,0,9,2,0,0,48.28,-3.43,3,0,2,1,2,239,191,79.92,3,7,8,5,8,18,0,8,2,0,1
UEFA Euro,Belgium,Finland,0,0,0,Drawing,1,0,1,Winning,62.52,25.04,7,3,2,2,4,392,354,90.31,1,2,7,6,5,4,0,5,0,0,1,58.87,17.73,10,4,5,1,8,322,285,88.51,4,4,14,9,6,14,0,5,0,0,1
UEFA Euro,Finland,Belgium,0,0,0,Drawing,0,1,-1,Losing,37.48,-25.04,0,0,0,0,0,235,195,82.98,0,6,9,5,5,18,0,3,0,0,0,41.13,-17.73,7,1,1,5,4,225,184,81.78,0,6,9,7,4,12,0,4,0,0,0
FIFA World Cup,Poland,France,0,1,-1,Losing,1,3,-2,Losing,44.05,-11.9,8,1,2,5,5,237,194,81.86,1,5,12,8,4,17,0,5,0,0,0,46.22,-7.55,4,1,2,1,4,251,212,84.46,0,5,8,5,4,5,0,5,2,0,1
FIFA World Cup,France,Poland,1,0,1,Winning,3,1,2,Winning,55.95,11.9,8,5,2,1,5,301,253,84.05,5,3,4,2,7,4,0,5,1,0,1,53.78,7.55,8,3,4,1,6,292,252,86.3,2,4,5,5,8,8,0,6,0,0,1
UEFA Euro,Russia,Denmark,0,1,-1,Losing,1,4,-3,Losing,31.22,-37.55,4,1,3,0,2,153,102,66.67,1,7,12,7,7,18,0,7,1,0,2,39.88,-20.23,2,1,0,1,1,136,95,69.85,0,8,13,6,7,14,0,9,1,0,1
UEFA Euro,Denmark,Russia,1,0,1,Winning,4,1,3,Winning,68.78,37.55,3,1,2,0,1,337,279,82.79,2,9,2,0,1,13,0,8,0,0,0,60.12,20.23,13,8,1,4,10,205,165,80.49,5,8,4,2,4,13,0,9,1,0,0
Women's World Cup,Colombia Women's,Morocco Women's,0,1,-1,Losing,0,1,-1,Losing,61.76,23.53,6,1,3,2,3,273,215,78.75,0,3,13,7,6,11,0,4,0,0,0,56.25,12.5,5,3,2,0,5,252,196,77.78,3,6,15,6,16,7,0,6,1,0,2
Women's World Cup,Morocco Women's,Colombia Women's,1,0,1,Winning,1,0,1,Winning,38.24,-23.53,5,4,1,0,4,169,111,65.68,3,2,20,11,11,11,0,6,0,0,0,43.75,-12.5,3,2,0,1,2,196,113,57.65,1,8,14,10,5,11,0,6,1,0,1
FIFA World Cup,Belgium,Morocco,0,0,0,Drawing,0,2,-2,Losing,69.96,39.92,6,2,2,2,2,361,316,87.53,6,10,7,5,1,3,0,5,1,0,2,64.04,28.09,4,2,2,0,3,342,288,84.21,3,6,13,8,1,3,0,5,0,0,1
FIFA World Cup,Morocco,Belgium,0,0,0,Drawing,2,0,2,Winning,30.04,-39.92,3,0,3,0,2,155,129,83.23,0,7,12,4,3,9,0,9,0,0,2,35.96,-28.09,7,4,3,0,4,192,158,82.29,1,6,8,4,5,13,0,7,1,0,1
UEFA Women's Euro,Denmark Women's,WNT Finland,0,0,0,Drawing,1,0,1,Winning,58.62,17.24,10,3,2,5,5,340,275,80.88,5,2,9,5,15,2,0,1,0,0,0,52.22,4.44,9,2,5,2,7,247,191,77.33,1,4,12,7,8,7,0,9,1,0,0
UEFA Women's Euro,WNT Finland,Denmark Women's,0,0,0,Drawing,0,1,-1,Losing,41.38,-17.24,5,0,4,1,1,240,186,77.5,0,1,13,10,5,17,0,1,0,0,2,47.78,-4.44,4,2,2,0,1,226,170,75.22,1,7,10,4,10,12,0,4,0,0,0
Women's World Cup,Sweden Women's,Chile Women's,0,0,0,Drawing,2,0,2,Winning,68.08,36.16,10,3,5,2,10,305,245,80.33,5,4,7,5,5,7,0,7,0,0,1,67.15,34.3,15,3,6,6,8,278,227,81.65,6,6,3,2,5,7,0,6,1,0,3
Women's World Cup,Chile Women's,Sweden Women's,0,0,0,Drawing,0,2,-2,Losing,31.92,-36.16,3,1,2,0,1,143,88,61.54,0,8,13,6,7,12,0,4,0,0,0,32.85,-34.3,2,0,2,0,1,136,81,59.56,0,9,14,10,8,16,0,7,2,0,1
Women's World Cup,Japan Women's,Spain Women's,3,0,3,Winning,4,0,4,Winning,24.96,-50.08,3,3,0,0,3,161,111,68.94,0,7,15,5,8,5,0,1,0,0,0,23.53,-52.94,4,1,3,0,2,140,79,56.43,0,4,13,9,8,13,0,3,0,0,1
Women's World Cup,Spain Women's,Japan Women's,0,3,-3,Losing,0,4,-4,Losing,75.04,50.08,5,1,2,2,2,484,432,89.26,1,1,6,3,2,4,0,8,1,0,0,76.47,52.94,5,1,3,1,3,455,397,87.25,2,3,8,7,6,8,0,5,1,0,0
FIFA World Cup,Japan,Costa Rica,0,0,0,Drawing,0,1,-1,Losing,42.69,-14.62,2,0,1,1,0,257,215,83.66,1,5,8,4,6,5,0,13,1,0,0,74.33,48.67,11,3,2,6,6,362,312,86.19,4,4,6,4,2,4,0,11,2,0,0
FIFA World Cup,Costa Rica,Japan,0,0,0,Drawing,1,0,1,Winning,57.31,14.62,3,0,2,1,0,345,293,84.93,0,12,11,7,4,8,0,8,1,0,0,25.67,-48.67,1,1,0,0,1,125,81,64.8,0,10,11,8,8,15,0,5,2,0,2
Women's World Cup,United States Women's,Sweden Women's,0,0,0,Drawing,0,0,0,Drawing,62.63,25.27,6,2,4,0,3,290,225,77.59,3,6,5,3,3,8,0,4,0,0,1,56.61,13.22,8,4,3,1,6,257,195,75.88,2,3,15,9,2,12,0,3,0,0,3
Women's World Cup,Sweden Women's,United States Women's,0,0,0,Drawing,0,0,0,Drawing,37.37,-25.27,2,0,0,2,2,173,118,68.21,2,5,10,5,6,17,0,6,0,0,0,43.39,-13.22,5,1,1,3,2,197,149,75.63,1,6,10,6,7,18,0,4,1,0,0
FIFA World Cup,Argentina,France,2,0,2,Winning,2,2,0,Drawing,59.77,19.54,6,3,2,1,3,312,265,84.94,2,10,10,5,5,6,0,10,1,0,3,45.27,-9.47,6,4,1,1,3,220,164,74.55,2,7,8,3,8,13,0,13,1,0,0
FIFA World Cup,France,Argentina,0,2,-2,Losing,2,2,0,Drawing,40.23,-19.54,0,0,0,0,0,210,162,77.14,0,13,11,3,8,8,0,11,0,0,0,54.73,9.47,6,3,2,1,5,266,208,78.2,3,10,11,6,5,2,0,5,3,0,2
UEFA Euro,Russia,Finland,1,0,1,Winning,1,0,1,Winning,69.28,38.55,7,2,3,2,6,354,300,84.75,3,5,7,3,2,8,0,6,2,0,1,49.53,-0.95,7,1,5,1,4,261,211,80.84,1,8,5,5,5,17,0,7,1,0,1
UEFA Euro,Finland,Russia,0,1,-1,Losing,0,1,-1,Losing,30.72,-38.55,3,0,2,1,3,157,118,75.16,1,7,11,6,13,23,0,7,1,0,1,50.47,0.95,8,1,2,5,5,266,226,84.96,0,7,10,6,6,19,0,8,1,0,1
FIFA World Cup,Serbia,Switzerland,2,2,0,Drawing,2,3,-1,Losing,51.63,3.27,7,4,3,0,5,237,183,77.22,2,5,7,2,3,7,0,6,0,0,0,56.02,12.03,5,0,3,2,5,284,224,78.87,0,9,8,4,2,2,0,15,7,0,0
FIFA World Cup,Switzerland,Serbia,2,2,0,Drawing,3,2,1,Winning,48.37,-3.27,9,5,1,3,6,222,174,78.38,0,5,8,6,6,14,0,5,2,0,0,43.98,-12.03,5,2,2,1,4,223,172,77.13,0,13,6,3,12,13,0,9,2,0,0
Women's World Cup,Spain Women's,Sweden Women's,0,0,0,Drawing,2,1,1,Winning,63.98,27.97,3,0,3,0,0,318,258,81.13,1,8,10,4,6,10,0,4,0,0,0,56.31,12.62,10,2,4,4,8,241,182,75.52,2,7,3,2,13,9,0,4,0,0,1
Women's World Cup,Sweden Women's,Spain Women's,0,0,0,Drawing,1,2,-1,Losing,36.02,-27.97,2,1,1,0,2,179,118,65.92,2,3,14,10,6,10,0,8,0,0,2,43.69,-12.62,4,2,2,0,4,187,113,60.43,1,4,14,5,2,11,0,8,0,0,1
Women's World Cup,Philippines Women's,Switzerland Women's,0,1,-1,Losing,0,2,-2,Losing,26.48,-47.04,2,0,1,1,2,143,97,67.83,0,7,4,1,5,13,0,4,1,0,1,27.17,-45.66,1,0,1,0,1,147,93,63.27,0,5,10,4,8,20,0,3,0,0,0
Women's World Cup,Switzerland Women's,Philippines Women's,1,0,1,Winning,2,0,2,Winning,73.52,47.04,9,3,5,1,6,397,355,89.42,1,4,8,3,6,6,0,5,1,0,2,72.83,45.66,9,4,3,2,7,394,337,85.53,2,2,7,6,4,11,0,5,1,0,0
FIFA World Cup,Sweden,Netherlands,0,0,0,Drawing,0,0,0,Drawing,40.77,-18.47,5,2,2,1,3,181,125,69.06,1,17,12,5,4,23,0,12,1,0,4,35.49,-29.01,3,1,1,1,2,126,76,60.32,1,16,15,7,8,26,0,14,3,0,0
FIFA World Cup,Netherlands,Sweden,0,0,0,Drawing,0,0,0,Drawing,59.23,18.47,10,3,7,0,3,263,204,77.57,2,14,14,9,3,7,0,14,0,0,4,64.51,29.01,20,4,10,6,9,229,174,75.98,3,11,7,5,4,13,0,15,1,0,2
Champions League,Manchester United,Fiorentina,0,1,-1,Losing,0,2,-2,Losing,62.86,25.71,8,1,4,3,2,352,281,79.83,1,6,5,3,3,11,0,4,0,0,3,69.47,38.95,5,1,2,2,3,330,263,79.7,1,11,5,3,2,5,0,7,3,0,1
Champions League,Fiorentina,Manchester United,1,0,1,Winning,2,0,2,Winning,37.14,-25.71,10,5,4,1,6,208,158,75.96,3,7,6,4,8,19,0,7,0,0,1,30.53,-38.95,4,1,3,0,3,145,98,67.59,1,8,10,5,5,17,0,7,4,0,4
FIFA World Cup,England,Brazil,0,0,0,Drawing,0,1,-1,Losing,46.87,-6.26,10,2,6,2,3,232,197,84.91,2,6,12,10,2,9,0,9,1,0,3,51.69,3.39,11,3,6,2,4,244,195,79.92,2,9,12,8,3,6,0,8,0,0,2
FIFA World Cup,Brazil,England,0,0,0,Drawing,1,0,1,Winning,53.13,6.26,8,1,4,3,2,263,228,86.69,3,9,9,4,5,8,0,13,0,0,0,48.31,-3.39,12,5,6,1,4,228,195,85.53,3,7,6,3,6,18,0,9,0,0,0
Champions League,Real Madrid,Liverpool,0,0,0,Drawing,3,1,2,Winning,65.78,31.56,7,1,4,2,5,371,335,90.3,2,11,7,4,5,7,0,2,0,0,4,64.39,28.78,7,5,1,1,6,302,261,86.42,7,9,6,4,3,10,0,3,0,0,3
Champions League,Liverpool,Real Madrid,0,0,0,Drawing,1,3,-2,Losing,34.22,-31.56,9,1,2,6,6,193,144,74.61,2,6,8,5,2,5,0,10,0,0,1,35.61,-28.78,5,2,1,2,4,167,122,73.05,3,6,16,6,1,11,0,10,1,0,1
UEFA Euro,England,Croatia,0,0,0,Drawing,1,0,1,Winning,58.37,16.73,4,1,2,1,1,293,250,85.32,1,3,4,2,14,6,0,3,0,0,2,39.25,-21.51,4,1,3,0,3,177,141,79.66,0,7,4,1,8,8,0,6,1,0,0
UEFA Euro,Croatia,England,0,0,0,Drawing,0,1,-1,Losing,41.63,-16.73,2,0,1,1,1,209,171,81.82,0,5,7,4,5,12,0,4,1,0,1,60.75,21.51,6,1,4,1,3,274,234,85.4,1,6,2,2,10,2,0,9,2,0,1
Women's World Cup,Colombia Women's,Germany Women's,0,0,0,Drawing,2,1,1,Winning,34.53,-30.95,4,1,2,0,1,164,105,64.02,2,4,10,4,5,11,0,8,0,0,0,30.79,-38.43,5,3,0,2,3,137,79,57.66,4,4,15,10,4,19,0,11,3,0,0
Women's World Cup,Germany Women's,Colombia Women's,0,0,0,Drawing,1,2,-1,Losing,65.47,30.95,5,1,1,3,4,311,247,79.42,1,8,18,13,2,11,0,4,0,0,0,69.21,38.43,9,1,3,5,4,308,244,79.22,3,6,14,12,4,9,0,5,1,0,0
Champions League,Manchester United,Barcelona,0,1,-1,Losing,0,2,-2,Losing,45.73,-8.54,8,1,6,1,3,225,176,78.22,2,1,13,8,1,14,0,5,0,0,2,50.88,1.76,4,1,2,1,4,260,213,81.92,5,5,7,6,5,13,0,9,3,0,2
Champions League,Barcelona,Manchester United,1,0,1,Winning,2,0,2,Winning,54.27,8.54,4,1,2,1,1,267,226,84.64,3,4,9,3,5,13,0,4,1,0,0,49.12,-1.76,7,6,1,0,6,251,208,82.87,1,8,9,8,5,13,0,4,0,0,1
Women's World Cup,England Women's,Nigeria Women's,0,0,0,Drawing,0,0,0,Drawing,59.38,18.77,5,2,2,1,2,212,166,78.3,4,7,10,5,5,16,0,3,0,0,1,60.0,20.0,6,2,3,1,6,261,216,82.76,2,5,5,2,3,21,0,4,0,1,0
Women's World Cup,Nigeria Women's,England Women's,0,0,0,Drawing,0,0,0,Drawing,40.62,-18.77,9,1,3,5,7,145,91,62.76,3,4,16,12,6,11,0,6,0,0,1,40.0,-20.0,6,0,6,0,6,174,121,69.54,2,2,9,5,7,7,0,5,0,0,0
FIFA World Cup,Germany,Netherlands,2,1,1,Winning,2,1,1,Winning,43.21,-13.59,9,4,2,3,5,194,153,78.87,7,13,7,4,4,7,0,11,1,0,3,43.31,-13.39,1,0,1,0,1,165,115,69.7,3,13,8,5,3,34,0,6,0,0,4
FIFA World Cup,Netherlands,Germany,1,2,-1,Losing,1,2,-1,Losing,56.79,13.59,3,2,1,0,3,255,217,85.1,1,12,4,2,6,9,0,16,3,0,1,56.69,13.39,13,5,6,2,10,216,156,72.22,9,10,14,11,5,9,0,13,0,0,1
FIFA World Cup,Spain,Morocco,0,0,0,Drawing,0,0,0,Drawing,67.13,34.26,1,0,1,0,1,388,357,92.01,1,5,7,4,4,7,0,10,0,0,1,78.71,57.43,5,1,3,1,3,392,355,90.56,3,10,5,5,3,2,0,4,1,0,3
FIFA World Cup,Morocco,Spain,0,0,0,Drawing,0,0,0,Drawing,32.87,-34.26,3,1,2,0,1,190,139,73.16,0,10,11,8,6,8,0,4,0,0,2,21.29,-57.43,1,0,0,0,1,106,67,63.21,0,7,11,8,4,11,0,10,1,0,2
FIFA World Cup,Brazil,Peru,2,1,1,Winning,4,2,2,Winning,51.91,3.81,15,6,7,2,8,245,204,83.27,5,6,12,6,4,8,0,9,0,0,1,51.3,2.59,15,7,2,6,10,257,226,87.94,3,6,9,6,3,11,0,10,0,0,1
FIFA World Cup,Peru,Brazil,1,2,-1,Losing,2,4,-2,Losing,48.09,-3.81,9,2,4,3,3,227,188,82.82,3,9,11,6,4,6,0,6,0,0,2,48.7,-2.59,10,6,2,2,3,244,209,85.66,3,8,7,5,4,5,0,9,0,0,0
FIFA World Cup,Mexico,Saudi Arabia,0,0,0,Drawing,2,1,1,Winning,66.82,33.64,11,3,3,5,5,288,233,80.9,2,8,9,9,6,7,0,9,1,0,3,52.77,5.54,15,7,4,4,5,200,134,67.0,6,10,6,4,9,14,0,9,0,0,3
FIFA World Cup,Saudi Arabia,Mexico,0,0,0,Drawing,1,2,-1,Losing,33.18,-33.64,4,1,3,0,2,143,88,61.54,0,11,8,3,3,12,0,10,2,0,0,47.23,-5.54,6,1,4,1,4,179,106,59.22,1,11,8,5,12,18,0,11,4,0,2
UEFA Euro,Turkey,Switzerland,0,2,-2,Losing,1,3,-2,Losing,52.06,4.11,12,4,6,2,5,291,254,87.29,4,6,11,5,10,6,0,9,0,0,1,46.9,-6.21,8,2,4,2,4,219,185,84.47,4,8,8,6,10,9,0,12,3,0,0
UEFA Euro,Switzerland,Turkey,2,0,2,Winning,3,1,2,Winning,47.94,-4.11,10,4,2,4,1,268,226,84.33,4,9,8,4,9,10,0,6,0,0,0,53.1,6.21,13,6,4,3,9,248,215,86.69,4,11,7,4,8,6,0,8,1,0,0
UEFA Women's Euro,France Women's,Belgium Women's,2,1,1,Winning,2,1,1,Winning,66.79,33.58,14,3,7,4,9,360,315,87.5,7,2,14,10,12,2,0,1,0,0,1,52.34,4.69,12,4,5,2,10,268,225,83.96,4,6,8,5,16,3,0,1,0,0,1
UEFA Women's Euro,Belgium Women's,France Women's,1,2,-1,Losing,1,2,-1,Losing,33.21,-33.58,1,1,0,0,1,179,135,75.42,0,2,10,6,10,15,0,7,0,0,0,47.66,-4.69,1,0,0,1,1,244,192,78.69,1,2,18,10,14,8,0,7,3,0,1
Women's World Cup,Norway Women's,France Women's,0,0,0,Drawing,0,2,-2,Losing,52.01,4.02,4,1,2,1,4,220,161,73.18,3,5,14,8,3,30,0,3,0,0,0,58.42,16.84,0,0,0,0,0,222,161,72.52,2,4,16,11,5,18,0,6,1,0,1
Women's World Cup,France Women's,Norway Women's,0,0,0,Drawing,2,0,2,Winning,47.99,-4.02,9,2,2,5,5,203,134,66.01,5,3,6,4,5,9,0,3,0,0,2,41.58,-16.84,7,3,1,2,5,158,105,66.46,4,5,13,8,5,12,0,4,1,0,0
FIFA World Cup,Canada,Morocco,0,2,-2,Losing,0,2,-2,Losing,51.14,2.28,2,0,1,1,1,247,211,85.43,1,8,4,3,7,7,0,10,3,0,1,66.74,33.47,3,0,3,0,3,315,269,85.4,5,10,8,6,3,5,0,6,1,0,3
FIFA World Cup,Morocco,Canada,2,0,2,Winning,2,0,2,Winning,48.86,-2.28,7,2,3,2,4,236,193,81.78,2,9,11,6,8,7,0,4,0,0,4,33.26,-33.47,0,0,0,0,0,157,117,74.52,0,8,16,10,5,22,0,11,0,0,0
FIFA World Cup,South Korea,Ghana,0,2,-2,Losing,2,3,-1,Losing,59.8,19.6,6,0,2,4,3,299,252,84.28,7,4,5,3,2,8,0,8,1,0,1,68.76,37.53,15,6,3,6,12,306,247,80.72,5,5,7,3,3,9,0,7,1,0,0
FIFA World Cup,Ghana,South Korea,2,0,2,Winning,3,2,1,Winning,40.2,-19.6,3,2,1,0,3,201,166,82.59,2,8,13,9,4,17,0,4,1,0,0,31.24,-37.53,4,1,3,0,3,139,100,71.94,3,6,7,3,5,39,0,6,1,0,1
UEFA Women's Euro,France Women's,Italy Women's,5,0,5,Winning,5,1,4,Winning,69.2,38.39,14,7,5,2,9,310,266,85.81,3,8,6,4,11,4,0,6,0,0,1,48.2,-3.61,2,0,2,0,2,227,190,83.7,0,5,13,9,12,15,0,2,0,0,0
UEFA Women's Euro,Italy Women's,France Women's,0,5,-5,Losing,1,5,-4,Losing,30.8,-38.39,3,2,0,1,2,138,96,69.57,2,7,8,4,8,11,0,7,1,0,2,51.8,3.61,10,2,3,5,8,244,199,81.56,5,2,12,9,12,6,0,5,2,0,0
UEFA Euro,France,Portugal,1,1,0,Drawing,2,2,0,Drawing,49.46,-1.08,4,2,2,0,3,322,294,91.3,1,3,6,5,10,5,0,11,3,0,1,56.51,13.03,7,3,2,1,2,295,276,93.56,0,4,7,5,4,4,0,9,1,0,0
UEFA Euro,Portugal,France,1,1,0,Drawing,2,2,0,Drawing,50.54,1.08,7,4,3,0,4,329,296,89.97,0,10,13,10,5,5,0,7,0,0,0,43.49,-13.03,3,1,2,0,2,227,209,92.07,0,5,10,8,2,4,0,6,0,0,0
Women's World Cup,Netherlands Women's,Cameroon W,1,1,0,Drawing,3,1,2,Winning,66.33,32.66,3,1,1,1,1,262,203,77.48,0,7,14,11,4,6,0,4,0,0,0,55.08,10.17,6,3,2,1,3,260,193,74.23,0,8,12,9,7,18,0,2,0,0,1
Women's World Cup,Cameroon W,Netherlands Women's,1,1,0,Drawing,1,3,-2,Losing,33.67,-32.66,6,2,2,2,2,133,78,58.65,1,4,15,10,3,12,0,9,2,0,0,44.92,-10.17,4,0,2,2,2,212,143,67.45,2,2,14,9,7,9,0,9,1,0,0
Women's World Cup,Korea Republic Women's,Colombia Women's,0,2,-2,Losing,0,2,-2,Losing,43.43,-13.14,5,3,0,2,3,152,95,62.5,3,7,16,11,12,10,0,11,2,0,0,44.14,-11.72,0,0,0,0,0,162,94,58.02,0,5,23,15,7,9,0,6,0,0,0
Women's World Cup,Colombia Women's,Korea Republic Women's,2,0,2,Winning,2,0,2,Winning,56.57,13.14,7,3,1,3,3,198,142,71.72,1,9,18,15,3,8,0,6,2,0,2,55.86,11.72,10,2,5,3,5,205,147,71.71,3,5,15,10,4,20,0,4,0,0,1
Women's World Cup,Australia Women's,Italy Women's,1,0,1,Winning,1,2,-1,Losing,66.82,33.64,9,3,4,2,6,286,239,83.57,2,11,7,5,2,15,0,7,0,0,2,56.64,13.28,7,2,3,2,6,209,146,69.86,4,15,7,3,4,14,0,13,1,0,2
Women's World Cup,Italy Women's,Australia Women's,0,1,-1,Losing,2,1,1,Winning,33.18,-33.64,3,1,1,1,1,142,89,62.68,1,9,8,6,6,9,0,10,1,0,2,43.36,-13.28,3,2,0,1,2,160,99,61.88,2,15,11,6,2,21,0,10,2,0,6
Women's World Cup,Japan Women's,Zambia W,1,0,1,Winning,5,0,5,Winning,64.61,29.21,12,4,6,2,7,345,266,77.1,4,4,5,3,5,5,0,4,0,0,4,53.74,7.48,14,6,6,2,14,309,253,81.88,2,5,12,5,7,6,0,1,0,0,5
Women's World Cup,Zambia W,Japan Women's,0,1,-1,Losing,0,5,-5,Losing,35.39,-29.21,0,0,0,0,0,189,109,57.67,0,8,6,3,6,11,0,4,0,0,1,46.26,-7.48,0,0,0,0,0,266,203,76.32,1,5,9,4,8,6,0,7,2,0,0
Women's World Cup,Sweden Women's,Italy Women's,3,0,3,Winning,5,0,5,Winning,46.73,-6.53,9,4,2,3,7,229,166,72.49,3,1,11,8,1,10,0,7,0,0,0,48.25,-3.51,12,3,3,6,9,234,179,76.5,4,1,5,5,4,2,0,7,0,0,2
Women's World Cup,Italy Women's,Sweden Women's,0,3,-3,Losing,0,5,-5,Losing,53.27,6.53,7,2,2,3,5,261,203,77.78,1,7,16,8,8,12,0,0,0,0,1,51.75,3.51,5,0,3,2,5,251,200,79.68,2,8,14,10,5,4,0,1,0,0,0
UEFA Euro,Poland,Slovakia,0,0,0,Drawing,1,1,0,Drawing,60.22,20.44,7,0,4,3,3,327,277,84.71,0,6,7,6,5,8,0,7,1,0,0,54.91,9.81,11,4,6,1,7,263,214,81.37,5,7,5,4,5,4,0,8,1,0,0
UEFA Euro,Slovakia,Poland,0,0,0,Drawing,1,1,0,Drawing,39.78,-20.44,8,1,3,4,3,216,173,80.09,1,7,5,3,10,8,0,6,1,0,0,45.09,-9.81,3,1,1,1,2,216,186,86.11,1,8,7,4,13,21,0,7,0,0,1
Women's World Cup,Australia Women's,Denmark Women's,1,0,1,Winning,2,0,2,Winning,45.95,-8.1,3,1,0,2,2,244,183,75.0,0,5,6,4,4,14,0,5,0,0,1,40.47,-19.06,7,2,3,2,5,172,106,61.63,4,5,8,4,6,26,0,4,0,0,0
Women's World Cup,Denmark Women's,Australia Women's,0,1,-1,Losing,0,2,-2,Losing,54.05,8.1,4,2,2,0,3,287,224,78.05,2,5,6,3,3,12,0,5,0,0,0,59.53,19.06,9,1,5,3,2,253,183,72.33,0,3,14,10,4,18,0,6,1,0,1
FIFA World Cup,Germany,Spain,0,0,0,Drawing,1,1,0,Drawing,32.38,-35.24,3,1,2,0,2,181,144,79.56,0,8,17,10,10,12,0,9,1,0,4,40.0,-20.0,8,3,2,3,6,190,147,77.37,5,6,12,8,9,3,0,6,2,0,1
FIFA World Cup,Spain,Germany,0,0,0,Drawing,1,1,0,Drawing,67.62,35.24,4,1,1,2,2,378,334,88.36,5,12,5,4,5,4,0,8,1,0,1,60.0,20.0,3,2,1,0,1,285,244,85.61,1,4,10,8,7,12,0,6,0,0,1
UEFA Euro,Italy,Wales,1,0,1,Winning,1,0,1,Winning,64.86,29.73,10,3,5,2,7,312,283,90.71,2,8,4,2,3,3,0,8,0,0,1,75.12,50.24,13,4,4,5,7,317,291,91.8,5,3,8,5,2,11,0,8,1,0,2
UEFA Euro,Wales,Italy,0,1,-1,Losing,0,1,-1,Losing,35.14,-29.73,2,1,1,0,2,169,135,79.88,1,8,8,6,4,10,0,9,0,0,0,24.88,-50.24,1,0,1,0,1,105,76,72.38,0,9,8,5,7,11,0,4,2,1,0
UEFA Women's Euro,Spain Women's,Germany Women's,0,2,-2,Losing,0,2,-2,Losing,68.59,37.17,5,1,4,0,3,369,312,84.55,1,8,10,6,7,12,0,1,0,0,0,71.23,42.45,8,1,2,5,7,354,295,83.33,5,9,11,7,13,11,0,8,0,0,0
UEFA Women's Euro,Germany Women's,Spain Women's,2,0,2,Winning,2,0,2,Winning,31.41,-37.17,6,2,1,3,4,169,114,67.46,3,1,11,7,13,13,0,9,1,0,0,28.77,-42.45,1,0,1,0,1,143,81,56.64,1,8,16,13,12,20,0,8,1,0,1
FIFA World Cup,France,Tunisia,0,0,0,Drawing,0,1,-1,Losing,55.17,10.34,2,0,1,1,1,272,230,84.56,2,6,17,11,6,16,0,5,0,0,0,73.53,47.07,8,3,2,3,4,389,334,85.86,6,9,12,8,6,3,0,3,0,0,2
FIFA World Cup,Tunisia,France,0,0,0,Drawing,1,0,1,Winning,44.83,-10.34,3,2,1,0,1,221,172,77.83,6,4,15,9,5,10,0,5,1,0,3,26.47,-47.07,2,1,1,0,2,140,103,73.57,1,4,13,5,8,24,0,11,0,0,0
UEFA Women's Euro,Iceland Women's,Belgium Women's,0,0,0,Drawing,1,1,0,Drawing,47.21,-5.58,7,1,2,4,6,220,141,64.09,3,4,8,7,10,4,0,4,0,0,2,45.13,-9.74,14,3,10,1,12,190,121,63.68,7,2,5,4,14,3,0,3,0,0,0
UEFA Women's Euro,Belgium Women's,Iceland Women's,0,0,0,Drawing,1,1,0,Drawing,52.79,5.58,2,1,1,0,2,246,175,71.14,0,4,16,11,10,16,0,6,1,0,0,54.87,9.74,8,6,1,1,5,231,167,72.29,2,2,10,8,7,16,0,1,1,0,2
UEFA Euro,North Macedonia,Netherlands,0,1,-1,Losing,0,3,-3,Losing,45.86,-8.27,6,0,4,2,1,255,215,84.31,2,6,11,4,6,9,0,7,1,0,1,36.65,-26.69,7,1,3,3,5,184,145,78.8,3,8,10,7,18,8,0,5,3,0,2
UEFA Euro,Netherlands,North Macedonia,1,0,1,Winning,3,0,3,Winning,54.14,8.27,6,2,3,1,3,301,254,84.39,4,6,15,9,7,6,0,6,0,0,1,63.35,26.69,11,5,3,3,7,318,273,85.85,3,5,10,4,8,4,0,10,0,0,1
Women's World Cup,Panama Women's,Brazil Women's,0,2,-2,Losing,0,4,-4,Losing,26.88,-46.24,0,0,0,0,0,125,77,61.6,0,2,13,5,9,17,0,6,0,0,0,30.14,-39.71,6,2,3,1,4,126,70,55.56,1,5,14,6,8,9,0,7,0,0,0
Women's World Cup,Brazil Women's,Panama Women's,2,0,2,Winning,4,0,4,Winning,73.12,46.24,16,7,6,2,11,340,285,83.82,7,5,8,7,6,8,0,2,0,0,0,69.86,39.71,17,3,11,3,8,292,246,84.25,6,3,7,4,3,7,0,4,0,0,2
FIFA World Cup,Serbia,Cameroon,2,1,1,Winning,3,3,0,Drawing,56.88,13.76,8,2,4,2,6,248,196,79.03,2,5,8,6,4,13,0,5,1,0,1,58.18,16.36,7,3,4,0,4,288,232,80.56,1,3,9,7,5,20,0,11,1,0,3
FIFA World Cup,Cameroon,Serbia,1,2,-1,Losing,3,3,0,Drawing,43.12,-13.76,7,3,2,2,5,188,135,71.81,3,5,3,2,7,18,0,6,2,0,0,41.82,-16.36,6,5,0,1,4,207,141,68.12,1,11,5,1,13,5,0,3,0,0,0
Women's World Cup,Spain Women's,South Africa Women's,0,1,-1,Losing,3,1,2,Winning,74.73,49.45,12,4,4,4,7,340,279,82.06,1,4,6,5,4,13,0,5,0,0,0,73.83,47.67,16,7,3,6,15,285,226,79.3,4,6,6,5,7,8,0,6,1,0,2
Women's World Cup,South Africa Women's,Spain Women's,1,0,1,Winning,1,3,-2,Losing,25.27,-49.45,2,1,0,1,0,115,63,54.78,1,4,5,5,10,39,0,6,0,0,0,26.17,-47.67,2,1,0,1,1,101,52,51.49,1,9,10,4,5,28,0,8,4,0,0
FIFA World Cup,Brazil,Netherlands,0,0,0,Drawing,0,2,-2,Losing,44.72,-10.56,5,0,2,2,2,199,154,77.39,0,15,10,8,5,6,0,12,3,0,5,52.21,4.42,9,1,5,3,1,248,192,77.42,1,14,4,2,6,2,0,14,0,1,6
FIFA World Cup,Netherlands,Brazil,0,0,0,Drawing,2,0,2,Winning,55.28,10.56,7,3,3,1,6,246,198,80.49,2,15,15,11,3,6,0,17,1,0,0,47.79,-4.42,5,3,2,0,2,227,168,74.01,1,20,11,4,4,10,0,13,1,0,4
FIFA World Cup,Japan,Croatia,1,0,1,Winning,1,1,0,Drawing,41.38,-17.24,3,1,2,0,3,240,196,81.67,3,3,7,7,7,12,0,5,0,0,1,42.95,-14.1,6,2,2,2,0,195,143,73.33,2,10,1,1,10,12,0,6,0,0,2
FIFA World Cup,Croatia,Japan,0,1,-1,Losing,1,1,0,Drawing,58.62,17.24,3,1,1,1,2,340,298,87.65,1,6,6,5,2,10,0,3,0,0,0,57.05,14.1,9,2,4,3,4,259,203,78.38,3,8,9,7,4,19,0,10,1,0,0
Women's World Cup,France Women's,Morocco Women's,3,0,3,Winning,4,0,4,Winning,73.35,46.69,7,3,4,0,5,399,328,82.21,0,1,11,7,7,3,0,4,0,0,2,72.37,44.73,8,2,2,4,6,309,252,81.55,0,13,15,8,5,4,0,6,0,0,1
Women's World Cup,Morocco Women's,France Women's,0,3,-3,Losing,0,4,-4,Losing,26.65,-46.69,0,0,0,0,0,145,80,55.17,0,5,12,5,8,11,0,1,0,0,0,27.63,-44.73,1,0,0,1,0,118,54,45.76,2,7,14,7,8,7,0,12,1,0,2
Women's World Cup,Germany Women's,China PR Women's,0,0,0,Drawing,1,0,1,Winning,65.61,31.21,7,1,5,1,3,309,220,71.2,5,9,8,6,3,5,0,3,0,0,1,56.04,12.08,9,3,2,4,6,232,162,69.83,3,12,14,9,6,14,0,4,1,0,2
Women's World Cup,China PR Women's,Germany Women's,0,0,0,Drawing,0,1,-1,Losing,34.39,-31.21,4,1,1,2,4,162,105,64.81,1,4,14,8,6,41,0,10,2,0,0,43.96,-12.08,1,0,1,0,0,182,119,65.38,2,6,21,14,4,39,0,14,2,0,1
Women's World Cup,Canada Women's,Nigeria Women's,0,0,0,Drawing,0,0,0,Drawing,67.67,35.34,5,0,2,3,2,270,212,78.52,3,7,7,6,4,5,0,2,0,0,0,65.85,31.71,11,3,2,5,8,243,194,79.84,4,8,12,5,5,12,0,4,2,0,1
Women's World Cup,Nigeria Women's,Canada Women's,0,0,0,Drawing,0,0,0,Drawing,32.33,-35.34,7,1,3,3,4,129,73,56.59,4,2,14,5,3,12,0,7,0,0,0,34.15,-31.71,3,0,1,2,2,126,73,57.94,2,5,14,6,5,10,0,11,1,1,1
FIFA World Cup,Germany,Argentina,0,1,-1,Losing,2,3,-1,Losing,47.91,-4.19,5,0,1,4,2,183,131,71.58,2,16,9,3,0,15,0,15,1,0,2,59.49,18.97,7,2,3,2,6,185,128,69.19,4,18,15,10,2,7,0,11,1,0,2
FIFA World Cup,Argentina,Germany,1,0,1,Winning,3,2,1,Winning,52.09,4.19,4,2,1,1,2,199,157,78.89,4,16,6,2,6,18,0,13,1,0,4,40.51,-18.97,6,3,2,1,4,126,87,69.05,4,11,7,2,5,15,0,16,3,0,2
Women's World Cup,New Zealand Women's,Switzerland Women's,0,0,0,Drawing,0,0,0,Drawing,51.72,3.44,7,0,2,5,6,286,218,76.22,2,5,16,8,9,3,0,3,0,0,2,47.6,-4.8,5,3,1,1,4,248,172,69.35,3,8,17,9,5,14,0,4,0,0,0
Women's World Cup,Switzerland Women's,New Zealand Women's,0,0,0,Drawing,0,0,0,Drawing,48.28,-3.44,2,1,0,1,0,267,208,77.9,2,5,11,8,7,14,0,7,0,0,0,52.4,4.8,1,1,0,0,1,273,197,72.16,2,3,11,4,2,22,0,8,0,0,1
FIFA World Cup,Romania,Brazil,1,2,-1,Losing,2,3,-1,Losing,46.14,-7.73,9,2,3,4,3,203,167,82.27,1,8,16,4,5,1,0,11,1,0,2,42.38,-15.24,9,2,5,2,3,178,140,78.65,3,5,17,8,8,6,0,13,1,0,3
FIFA World Cup,Brazil,Romania,2,1,1,Winning,3,2,1,Winning,53.86,7.73,15,3,7,5,3,237,211,89.03,4,10,12,7,4,8,0,7,0,0,1,57.62,15.24,7,4,2,1,3,242,207,85.54,4,14,9,4,6,7,0,5,0,0,1
FIFA World Cup,Argentina,Australia,1,0,1,Winning,2,0,2,Winning,60.52,21.04,2,1,1,0,1,397,361,90.93,0,8,5,2,5,9,0,3,0,0,1,60.18,20.36,12,4,6,2,10,331,285,86.1,1,7,11,10,11,16,0,6,0,0,3
FIFA World Cup,Australia,Argentina,0,1,-1,Losing,0,2,-2,Losing,39.48,-21.04,1,0,0,1,1,259,219,84.56,2,4,3,2,6,3,0,10,2,0,0,39.82,-20.36,4,1,1,2,2,219,165,75.34,1,7,12,5,3,8,0,8,0,0,0
FIFA World Cup,Brazil,Cameroon,0,0,0,Drawing,0,1,-1,Losing,67.69,35.38,10,3,5,2,7,331,281,84.89,6,6,9,7,4,3,0,7,1,0,1,59.95,19.91,11,5,5,1,9,262,231,88.17,5,6,7,6,0,10,0,8,1,0,0
FIFA World Cup,Cameroon,Brazil,0,0,0,Drawing,1,0,1,Winning,32.31,-35.38,1,1,0,0,1,158,124,78.48,0,7,7,4,6,14,0,11,3,0,0,40.05,-19.91,6,2,3,1,4,175,130,74.29,3,8,12,8,5,11,0,6,2,0,0
FIFA World Cup,Belgium,Croatia,0,0,0,Drawing,0,0,0,Drawing,52.92,5.85,5,0,2,3,4,344,300,87.21,1,7,5,1,6,16,0,5,0,0,0,48.56,-2.89,11,3,5,3,9,286,243,84.97,3,4,5,3,6,14,0,5,1,0,0
FIFA World Cup,Croatia,Belgium,0,0,0,Drawing,0,0,0,Drawing,47.08,-5.85,6,0,5,1,4,306,259,84.64,1,4,5,2,5,9,0,7,0,0,3,51.44,2.89,5,4,1,0,3,303,255,84.16,1,5,5,1,7,17,0,4,0,0,1
Women's World Cup,Canada Women's,Australia Women's,0,2,-2,Losing,0,4,-4,Losing,61.54,23.08,3,0,2,1,3,336,262,77.98,2,4,10,7,7,7,0,0,0,0,0,57.22,14.44,8,3,2,3,5,214,146,68.22,3,5,8,5,6,13,0,5,0,0,0
Women's World Cup,Australia Women's,Canada Women's,2,0,2,Winning,4,0,4,Winning,38.46,-23.08,4,3,1,0,4,210,139,66.19,2,0,9,4,5,15,0,4,0,0,1,42.78,-14.44,7,3,1,3,4,160,90,56.25,2,4,9,6,1,18,0,5,2,0,0
FIFA World Cup,France,Australia,2,1,1,Winning,4,1,3,Winning,60.0,20.0,11,2,6,3,8,381,334,87.66,5,1,10,4,2,6,0,2,0,0,0,63.35,26.7,12,4,3,5,11,382,346,90.58,3,10,8,7,9,5,0,2,0,0,0
FIFA World Cup,Australia,France,1,2,-1,Losing,1,4,-3,Losing,40.0,-20.0,4,1,3,0,2,254,214,84.25,0,2,7,6,6,14,0,1,0,0,0,36.65,-26.7,0,0,0,0,0,221,180,81.45,1,2,6,4,5,7,0,13,3,0,0
UEFA Euro,Sweden,Spain,0,0,0,Drawing,0,0,0,Drawing,16.37,-67.26,3,0,2,1,1,92,57,61.96,1,4,2,0,15,20,0,9,0,0,0,14.54,-70.92,1,0,1,0,1,81,37,45.68,0,5,4,2,19,16,0,6,1,0,1
UEFA Euro,Spain,Sweden,0,0,0,Drawing,0,0,0,Drawing,83.63,67.26,9,3,4,2,5,470,424,90.21,5,8,4,4,2,10,0,3,0,0,1,85.46,70.92,8,2,4,2,6,476,417,87.61,1,4,7,4,1,15,0,5,0,0,1
FIFA World Cup,Japan,Spain,0,1,-1,Losing,2,1,1,Winning,18.36,-63.28,2,0,1,1,2,130,101,77.69,0,3,8,2,5,7,0,8,3,0,2,19.28,-61.44,4,3,1,0,2,123,76,61.79,0,6,7,5,9,15,0,3,0,0,0
FIFA World Cup,Spain,Japan,1,0,1,Winning,1,2,-1,Losing,81.64,63.28,5,3,1,1,4,578,539,93.25,2,9,9,7,4,1,0,3,0,0,1,80.72,61.44,7,2,1,4,2,515,454,88.16,0,2,5,3,5,3,0,5,0,0,1
Women's World Cup,Germany Women's,South Africa Women's,3,0,3,Winning,4,0,4,Winning,59.09,18.18,11,6,4,1,10,299,247,82.61,3,4,12,7,11,6,0,6,0,0,3,60.08,20.16,12,6,3,3,10,298,244,81.88,5,9,13,9,6,6,0,3,1,0,2
Women's World Cup,South Africa Women's,Germany Women's,0,3,-3,Losing,0,4,-4,Losing,40.91,-18.18,2,0,1,1,0,207,151,72.95,0,8,6,4,6,12,0,5,0,0,0,39.92,-20.16,6,1,4,1,2,198,149,75.25,1,5,11,4,4,18,0,9,3,0,2
UEFA Euro,Ukraine,Netherlands,0,0,0,Drawing,2,3,-1,Losing,40.53,-18.95,4,2,1,1,3,246,204,82.93,1,3,13,6,11,13,0,2,0,0,1,37.11,-25.78,3,3,0,0,1,203,163,80.3,0,7,10,8,4,6,0,8,1,0,0
UEFA Euro,Netherlands,Ukraine,0,0,0,Drawing,3,2,1,Winning,59.47,18.95,10,3,3,4,5,361,317,87.81,3,3,6,4,4,1,0,2,0,0,1,62.89,25.78,5,4,0,1,3,344,309,89.83,2,6,6,4,3,5,0,7,0,0,1
UEFA Women's Euro,France Women's,Germany Women's,0,1,-1,Losing,0,2,-2,Losing,50.22,0.43,2,0,1,1,0,232,182,78.45,1,5,11,10,11,6,0,5,1,0,1,52.05,4.09,12,3,5,4,6,229,163,71.18,2,9,11,10,6,7,0,3,1,0,2
UEFA Women's Euro,Germany Women's,France Women's,1,0,1,Winning,2,0,2,Winning,49.78,-0.43,5,3,1,1,2,230,188,81.74,3,3,13,8,8,10,0,5,0,0,0,47.95,-4.09,6,1,2,3,6,211,155,73.46,1,5,11,6,2,13,0,9,2,0,1
Copa del Rey,Las Palmas,Barcelona,1,3,-2,Losing,1,3,-2,Losing,52.44,4.88,5,1,3,1,1,172,112,65.12,1,11,8,3,4,7,0,14,2,0,2,51.76,3.52,9,3,5,1,3,206,153,74.27,1,15,6,2,9,5,0,11,1,0,3
Copa del Rey,Barcelona,Las Palmas,3,1,2,Winning,3,1,2,Winning,47.56,-4.88,10,5,5,0,5,156,108,69.23,1,13,18,12,7,11,0,11,2,0,1,48.24,-3.52,3,0,2,1,1,192,142,73.96,0,14,12,5,8,11,0,18,0,0,1
FIFA World Cup,Switzerland,Portugal,0,2,-2,Losing,1,6,-5,Losing,47.08,-5.84,4,2,1,1,2,250,201,80.4,2,6,4,0,4,8,0,5,1,0,1,57.32,14.64,6,1,2,3,4,278,237,85.25,4,8,3,3,5,7,0,10,1,0,2
FIFA World Cup,Portugal,Switzerland,2,0,2,Winning,6,1,5,Winning,52.92,5.84,6,5,1,0,3,281,237,84.34,3,4,7,5,5,8,0,6,0,0,2,42.68,-14.64,9,4,2,3,8,207,167,80.68,3,8,6,6,5,8,0,8,0,0,1
FIFA World Cup,Morocco,Portugal,1,0,1,Winning,1,0,1,Winning,33.33,-33.33,7,2,5,0,5,171,139,81.29,3,8,4,2,7,9,0,5,0,0,0,16.7,-66.6,2,1,1,0,0,78,45,57.69,0,3,8,6,8,26,0,13,3,0,2
FIFA World Cup,Portugal,Morocco,0,1,-1,Losing,0,1,-1,Losing,66.67,33.33,5,1,2,2,3,342,292,85.38,2,4,6,4,2,2,0,6,0,0,2,83.3,66.6,7,2,4,1,5,389,324,83.29,7,13,8,5,2,1,0,3,1,0,0
UEFA Euro,North Macedonia,Austria,1,1,0,Drawing,1,3,-2,Losing,39.8,-20.4,2,1,1,0,1,197,155,78.68,0,8,16,7,5,11,0,8,1,0,0,33.41,-33.19,5,1,1,3,3,154,113,73.38,0,6,11,6,8,15,0,10,1,0,0
UEFA Euro,Austria,North Macedonia,1,1,0,Drawing,3,1,2,Winning,60.2,20.4,4,3,0,1,3,298,249,83.56,2,7,12,6,7,4,0,9,0,0,0,66.59,33.19,6,3,2,1,4,307,251,81.76,2,9,14,12,4,6,0,5,1,0,1
UEFA Women's Euro,England Women's,Sweden Women's,1,0,1,Winning,4,0,4,Winning,65.27,30.54,10,3,6,1,7,280,238,85.0,2,7,9,6,10,14,0,4,0,0,0,47.31,-5.39,7,5,1,1,5,202,150,74.26,2,7,17,9,9,10,0,3,1,0,1
UEFA Women's Euro,Sweden Women's,England Women's,0,1,-1,Losing,0,4,-4,Losing,34.73,-30.54,6,2,3,1,4,149,96,64.43,2,4,13,8,7,6,0,8,0,0,1,52.69,5.39,5,1,2,2,4,225,166,73.78,4,4,7,5,10,5,0,7,1,0,0
FIFA World Cup,Italy,Brazil,1,1,0,Drawing,1,4,-3,Losing,40.05,-19.9,14,6,4,4,5,159,118,74.21,4,12,4,2,4,11,0,10,1,0,0,39.16,-21.67,12,3,6,3,8,150,125,83.33,2,4,7,3,3,10,0,13,0,0,0
FIFA World Cup,Brazil,Italy,1,1,0,Drawing,4,1,3,Winning,59.95,19.9,10,3,6,1,3,238,198,83.19,3,7,5,4,3,13,0,9,1,0,3,60.84,21.67,17,5,8,4,6,233,202,86.7,1,10,11,10,3,4,0,5,0,0,0
FIFA World Cup,Tunisia,Denmark,0,0,0,Drawing,0,0,0,Drawing,39.24,-21.52,8,1,3,4,5,206,159,77.18,3,4,10,5,6,20,0,5,0,0,1,39.22,-21.56,5,0,2,3,3,211,156,73.93,6,6,16,10,6,13,0,5,1,0,0
FIFA World Cup,Denmark,Tunisia,0,0,0,Drawing,0,0,0,Drawing,60.76,21.52,3,2,0,1,1,319,256,80.25,6,6,13,8,4,10,0,8,1,0,0,60.78,21.56,8,3,4,1,6,327,288,88.07,5,5,2,1,6,10,0,5,1,0,1
UEFA Euro,Germany,France,0,0,0,Drawing,0,0,0,Drawing,58.18,16.36,6,0,4,2,4,345,307,88.99,0,3,9,6,6,6,0,6,1,0,1,64.34,28.69,4,1,2,1,3,388,337,86.86,5,5,7,5,7,6,0,7,0,0,1
UEFA Euro,France,Germany,0,0,0,Drawing,0,0,0,Drawing,41.82,-16.36,2,1,1,0,2,248,207,83.47,3,7,11,5,15,7,0,5,0,0,1,35.66,-28.69,2,0,1,1,2,215,168,78.14,0,5,10,7,7,18,0,3,0,0,4
FIFA World Cup,Poland,Saudi Arabia,1,0,1,Winning,2,0,2,Winning,41.01,-17.97,3,1,1,1,3,194,158,81.44,2,6,6,2,4,15,0,8,3,0,0,32.06,-35.87,6,2,3,1,6,143,101,70.63,2,9,6,2,8,14,0,10,0,0,0
FIFA World Cup,Saudi Arabia,Poland,0,1,-1,Losing,0,2,-2,Losing,58.99,17.97,5,3,1,1,4,279,229,82.08,3,8,9,5,3,2,0,7,2,0,0,67.94,35.87,12,2,8,2,6,303,260,85.81,2,8,8,4,2,15,0,9,0,0,0
Women's World Cup,Norway Women's,Philippines Women's,3,0,3,Winning,5,0,5,Winning,72.39,44.79,13,5,2,6,9,375,318,84.8,5,3,8,4,1,15,0,1,0,0,1,67.54,35.08,18,7,7,4,14,310,252,81.29,3,4,4,3,1,16,0,7,1,0,0
Women's World Cup,Philippines Women's,Norway Women's,0,3,-3,Losing,0,5,-5,Losing,27.61,-44.79,1,1,0,0,0,143,90,62.94,0,2,6,2,6,27,0,3,0,0,1,32.46,-35.08,3,0,1,1,1,149,76,51.01,3,7,7,5,6,9,0,4,1,1,1
FIFA World Cup,Iran,United States,0,1,-1,Losing,0,1,-1,Losing,40.22,-19.55,0,0,0,0,0,216,159,73.61,0,4,11,7,8,7,0,8,0,0,1,60.4,20.81,4,1,3,0,3,299,243,81.27,1,7,7,4,3,4,0,13,3,0,1
FIFA World Cup,United States,Iran,1,0,1,Winning,1,0,1,Winning,59.78,19.55,9,3,3,3,6,321,275,85.67,2,6,4,2,4,12,0,4,1,0,1,39.6,-20.81,3,2,1,0,2,196,151,77.04,3,9,6,3,4,19,0,9,0,0,0
FIFA World Cup,Canada,Croatia,1,2,-1,Losing,1,4,-3,Losing,44.75,-10.51,1,1,0,0,1,247,203,82.19,1,6,7,4,5,22,0,3,0,0,2,58.26,16.53,7,1,3,3,0,282,234,82.98,1,7,5,1,5,7,0,3,2,0,1
FIFA World Cup,Croatia,Canada,2,1,1,Winning,4,1,3,Winning,55.25,10.51,5,4,1,0,3,305,260,85.25,3,4,13,8,5,9,0,6,0,0,1,41.74,-16.53,8,6,2,0,6,202,151,74.75,2,4,13,6,12,9,0,9,2,0,0
Champions League,AC Milan,Liverpool,3,0,3,Winning,3,3,0,Drawing,50.59,1.19,7,3,1,3,5,256,197,76.95,2,8,13,8,5,10,0,8,0,0,5,48.53,-2.94,12,1,5,6,6,231,182,78.79,4,14,10,7,4,5,0,4,0,0,0
Champions League,Liverpool,AC Milan,0,3,-3,Losing,3,3,0,Drawing,49.41,-1.19,5,1,3,1,1,250,194,77.6,1,13,11,4,5,12,0,11,0,0,1,51.47,2.94,9,5,3,1,3,245,196,80.0,1,3,15,9,2,10,0,13,2,0,3
FIFA World Cup,Belgium,Argentina,0,0,0,Drawing,0,2,-2,Losing,40.4,-19.21,7,0,4,3,1,183,142,77.6,0,8,9,4,6,8,0,14,1,0,5,53.81,7.61,14,3,8,3,4,212,163,76.89,5,6,4,1,3,3,0,7,0,0,0
FIFA World Cup,Argentina,Belgium,0,0,0,Drawing,2,0,2,Winning,59.6,19.21,10,2,4,4,4,270,230,85.19,3,15,6,4,3,6,0,9,1,0,0,46.19,-7.61,8,4,4,0,6,182,150,82.42,3,7,9,5,11,17,0,3,0,0,5
Women's World Cup,Jamaica Women's,Panama Women's,0,0,0,Drawing,1,0,1,Winning,56.04,12.09,13,3,4,6,8,204,158,77.45,6,7,5,3,5,10,0,6,1,0,1,42.99,-14.01,8,2,2,4,4,181,117,64.64,3,2,11,7,8,23,0,9,0,0,2
Women's World Cup,Panama Women's,Jamaica Women's,0,0,0,Drawing,0,1,-1,Losing,43.96,-12.09,5,2,3,0,2,160,113,70.62,2,7,16,13,8,20,0,9,2,0,1,57.01,14.01,8,2,2,4,3,240,168,70.0,5,11,10,7,2,7,0,2,0,0,0
Women's World Cup,Spain Women's,Costa Rica Women's,2,0,2,Winning,2,0,2,Winning,82.72,65.44,26,6,9,11,20,359,306,85.24,12,4,3,3,1,8,0,5,0,0,0,75.36,50.72,20,6,7,7,15,312,258,82.69,10,5,6,3,0,10,0,3,0,0,4
Women's World Cup,Costa Rica Women's,Spain Women's,0,2,-2,Losing,0,2,-2,Losing,17.28,-65.44,1,0,1,0,1,75,39,52.0,0,5,11,4,7,29,0,5,0,0,0,24.64,-50.72,0,0,0,0,0,102,46,45.1,1,7,13,4,5,27,0,5,0,0,0
Women's World Cup,Colombia Women's,Jamaica Women's,0,0,0,Drawing,1,0,1,Winning,51.57,3.13,7,2,2,3,5,181,131,72.38,4,5,11,6,2,9,0,2,0,0,1,47.51,-4.98,4,1,3,0,3,191,118,61.78,3,4,13,5,8,23,0,4,1,0,2
Women's World Cup,Jamaica Women's,Colombia Women's,0,0,0,Drawing,0,1,-1,Losing,48.43,-3.13,2,0,2,0,2,170,117,68.82,1,3,17,9,4,13,0,5,2,0,1,52.49,4.98,4,2,2,0,2,211,132,62.56,2,6,18,8,10,11,0,4,0,0,0
Women's World Cup,Norway Women's,New Zealand Women's,0,0,0,Drawing,0,1,-1,Losing,46.17,-7.66,4,0,2,2,3,193,134,69.43,1,2,12,7,4,20,0,10,0,0,1,52.48,4.95,9,2,5,2,6,212,128,60.38,1,6,11,5,8,22,0,5,1,0,1
Women's World Cup,New Zealand Women's,Norway Women's,0,0,0,Drawing,1,0,1,Winning,53.83,7.66,4,0,2,2,3,225,158,70.22,4,11,20,10,3,7,0,1,0,0,1,47.52,-4.95,8,2,4,2,6,192,118,61.46,4,5,7,3,5,17,0,5,0,0,2
FIFA World Cup,Netherlands,German DR,1,0,1,Winning,2,0,2,Winning,59.02,18.04,8,2,3,3,5,265,207,78.11,2,9,9,9,1,15,0,11,0,0,5,64.41,28.82,6,1,5,0,3,295,246,83.39,4,2,8,4,6,7,0,12,0,0,5
FIFA World Cup,German DR,Netherlands,0,1,-1,Losing,0,2,-2,Losing,40.98,-18.04,6,1,5,0,1,184,128,69.57,1,13,7,3,6,13,0,9,0,0,2,35.59,-28.82,5,1,1,3,2,163,117,71.78,3,14,6,3,2,15,0,5,0,0,1
Women's World Cup,Colombia Women's,England Women's,1,1,0,Drawing,1,2,-1,Losing,33.78,-32.43,5,1,1,3,3,175,120,68.57,0,3,14,9,2,17,0,4,0,0,1,48.14,-3.72,10,2,5,3,5,194,139,71.65,3,3,13,9,3,12,0,6,0,0,0
Women's World Cup,England Women's,Colombia Women's,1,1,0,Drawing,2,1,1,Winning,66.22,32.43,7,4,3,0,5,343,297,86.59,1,5,11,6,6,7,0,3,0,0,1,51.86,3.72,3,2,1,0,2,209,155,74.16,4,5,13,10,5,14,0,5,0,0,0
Women's World Cup,Argentina Women's,Italy Women's,0,0,0,Drawing,0,1,-1,Losing,47.25,-5.5,4,0,1,3,1,206,155,75.24,2,10,14,10,11,22,0,8,1,0,0,46.67,-6.67,1,1,0,0,0,182,124,68.13,0,10,14,6,4,18,0,12,3,0,0
Women's World Cup,Italy Women's,Argentina Women's,0,0,0,Drawing,1,0,1,Winning,52.75,5.5,2,1,0,1,2,230,173,75.22,3,5,14,7,2,9,0,9,1,0,2,53.33,6.67,10,3,6,1,4,208,156,75.0,2,10,8,3,4,8,0,11,1,0,0
FIFA World Cup,Serbia,Brazil,0,0,0,Drawing,0,2,-2,Losing,41.58,-16.85,1,0,1,0,1,232,193,83.19,0,4,10,6,10,10,0,7,1,0,0,42.29,-15.42,4,0,2,2,1,214,158,73.83,4,4,9,4,1,9,0,4,2,0,0
FIFA World Cup,Brazil,Serbia,0,0,0,Drawing,2,0,2,Winning,58.42,16.85,5,3,1,1,2,326,288,88.34,3,7,10,5,2,5,0,5,0,0,0,57.71,15.42,18,6,8,4,9,292,251,85.96,2,3,8,4,6,17,0,3,0,0,1
Women's World Cup,Canada Women's,New Zealand Women's,0,0,0,Drawing,2,0,2,Winning,72.16,44.32,11,2,6,3,6,324,270,83.33,3,3,15,7,3,16,0,4,0,0,1,66.47,32.94,11,4,4,3,6,339,279,82.3,5,4,11,6,4,5,0,4,0,0,0
Women's World Cup,New Zealand Women's,Canada Women's,0,0,0,Drawing,0,2,-2,Losing,27.84,-44.32,1,0,1,0,1,125,68,54.4,1,5,10,6,1,21,0,2,0,0,1,33.53,-32.94,1,0,1,0,1,171,114,66.67,0,4,11,6,3,24,0,4,0,0,1
FIFA World Cup,Argentina,Brazil,0,0,0,Drawing,1,0,1,Winning,40.28,-19.44,2,1,1,0,2,172,128,74.42,1,13,8,6,3,11,0,17,2,0,1,38.28,-23.44,4,3,1,0,1,147,109,74.15,3,15,14,5,2,25,0,8,1,0,3
FIFA World Cup,Brazil,Argentina,0,0,0,Drawing,0,1,-1,Losing,59.72,19.44,9,2,5,2,6,255,214,83.92,6,17,15,10,6,4,0,12,1,0,1,61.72,23.44,8,1,5,2,5,237,191,80.59,5,7,8,6,5,4,0,13,1,1,3
UEFA Women's Euro,Norway Women's,England Women's,0,6,-6,Losing,0,8,-8,Losing,45.27,-9.45,3,0,1,1,2,182,131,71.98,3,3,13,9,3,10,0,4,0,0,0,28.29,-43.41,1,0,1,0,0,146,104,71.23,0,4,11,8,11,9,0,6,3,0,1
UEFA Women's Euro,England Women's,Norway Women's,6,0,6,Winning,8,0,8,Winning,54.73,9.45,10,7,3,0,10,220,182,82.73,2,3,11,6,8,8,0,3,0,0,0,71.71,43.41,14,6,7,1,8,370,330,89.19,0,4,5,5,7,0,0,2,0,0,2
UEFA Euro,Scotland,Croatia,1,1,0,Drawing,1,3,-2,Losing,29.71,-40.58,3,2,1,0,1,164,113,68.9,3,5,7,4,10,5,0,5,1,0,1,40.04,-19.92,8,1,5,2,6,189,151,79.89,4,9,8,3,7,5,0,5,0,0,0
UEFA Euro,Croatia,Scotland,1,1,0,Drawing,3,1,2,Winning,70.29,40.58,6,2,2,2,2,388,350,90.21,0,6,5,1,7,15,0,4,1,0,2,59.96,19.92,5,5,0,0,3,283,244,86.22,5,4,6,3,5,13,0,8,0,0,2
FIFA World Cup,Ecuador,Netherlands,0,1,-1,Losing,1,1,0,Drawing,50.64,1.29,7,1,2,4,4,275,230,83.64,3,9,10,7,5,8,0,6,0,0,3,39.83,-20.34,8,3,3,2,6,188,129,68.62,2,7,11,7,10,10,0,7,1,0,0
FIFA World Cup,Netherlands,Ecuador,1,0,1,Winning,1,1,0,Drawing,49.36,-1.29,1,1,0,0,0,268,225,83.96,1,9,16,9,3,12,0,10,0,0,0,60.17,20.34,1,0,1,0,0,284,232,81.69,1,6,9,3,2,12,0,6,0,0,1
Champions League,Ajax,Inter Milan,0,0,0,Drawing,2,0,2,Winning,60.59,21.18,13,3,7,3,1,246,175,71.14,7,11,17,11,2,4,0,12,0,0,0,55.01,10.02,12,9,1,2,6,225,189,84.0,2,14,16,9,5,19,0,16,0,0,1
Champions League,Inter Milan,Ajax,0,0,0,Drawing,0,2,-2,Losing,39.41,-21.18,4,0,2,2,0,160,105,65.62,0,11,10,2,9,31,0,8,0,0,5,44.99,-10.02,6,0,3,3,1,184,133,72.28,3,16,10,7,2,10,0,13,2,0,3
UEFA Euro,Ukraine,Austria,0,1,-1,Losing,0,1,-1,Losing,46.83,-6.35,1,1,0,0,1,236,194,82.2,2,6,8,6,9,10,0,6,0,0,0,52.39,4.78,4,0,2,2,3,263,208,79.09,2,7,3,2,11,10,0,6,0,0,1
UEFA Euro,Austria,Ukraine,1,0,1,Winning,1,0,1,Winning,53.17,6.35,13,3,6,4,10,268,216,80.6,8,4,8,6,4,4,0,6,0,0,0,47.61,-4.78,5,1,2,2,2,239,186,77.82,1,7,5,2,5,17,0,6,0,0,2
UEFA Women's Euro,Sweden Women's,Switzerland Women's,0,0,0,Drawing,2,1,1,Winning,54.31,8.62,6,2,1,3,5,271,194,71.59,2,7,8,8,12,0,0,6,0,0,1,57.05,14.11,10,3,4,3,7,275,213,77.45,1,6,12,9,7,7,0,7,0,0,2
UEFA Women's Euro,Switzerland Women's,Sweden Women's,0,0,0,Drawing,1,2,-1,Losing,45.69,-8.62,1,1,0,0,1,228,162,71.05,0,6,13,7,17,15,0,8,0,0,0,42.95,-14.11,5,1,1,2,2,207,150,72.46,2,9,6,5,15,12,0,7,0,0,0
FIFA World Cup,South Korea,Portugal,1,1,0,Drawing,2,1,1,Winning,44.27,-11.45,5,3,0,2,3,232,194,83.62,2,6,6,3,2,8,0,5,1,0,1,32.3,-35.4,7,3,2,2,3,156,115,73.72,3,8,5,4,5,21,0,4,1,0,0
FIFA World Cup,Portugal,South Korea,1,1,0,Drawing,1,2,-1,Losing,55.73,11.45,10,6,2,2,5,292,260,89.04,2,6,6,3,5,9,0,4,0,0,2,67.7,35.4,3,0,1,2,1,327,274,83.79,2,4,6,3,1,10,0,6,0,0,3
Champions League,FC Porto,AS Monaco,1,0,1,Winning,3,0,3,Winning,48.26,-3.48,2,1,0,1,1,236,145,61.44,2,15,8,5,1,10,0,7,2,0,3,42.54,-14.92,2,2,0,0,2,191,131,68.59,0,8,16,9,1,10,0,9,1,0,5
Champions League,AS Monaco,FC Porto,0,1,-1,Losing,0,3,-3,Losing,51.74,3.48,1,0,1,0,1,253,170,67.19,1,9,9,5,7,11,0,7,0,0,8,57.46,14.92,8,0,8,0,6,258,195,75.58,5,12,15,9,4,8,0,4,0,0,5
Women's World Cup,Japan Women's,Sweden Women's,0,1,-1,Losing,1,2,-1,Losing,40.86,-18.29,0,0,0,0,0,248,203,81.85,1,6,10,5,7,14,0,2,0,0,1,60.91,21.83,11,3,6,2,8,293,235,80.2,3,3,13,9,6,11,0,4,1,0,1
Women's World Cup,Sweden Women's,Japan Women's,1,0,1,Winning,2,1,1,Winning,59.14,18.29,11,4,3,4,9,359,300,83.57,1,3,13,10,5,3,0,6,0,0,0,39.09,-21.83,4,2,2,0,4,188,138,73.4,2,4,9,6,8,24,0,5,0,0,0
UEFA Women's Euro,Spain Women's,England Women's,0,0,0,Drawing,1,1,0,Drawing,56.67,13.35,6,1,4,1,3,293,254,86.69,4,5,10,5,2,7,0,8,1,0,1,53.3,6.6,5,2,1,1,3,226,187,82.74,1,9,8,7,9,16,0,5,1,0,0
UEFA Women's Euro,England Women's,Spain Women's,0,0,0,Drawing,1,1,0,Drawing,43.33,-13.35,1,0,1,0,1,224,181,80.8,0,9,8,4,8,7,0,3,0,0,3,46.7,-6.6,8,2,4,2,6,198,140,70.71,4,4,11,9,4,4,0,8,0,0,1
UEFA Euro,Czech Republic,Denmark,0,2,-2,Losing,1,2,-1,Losing,51.98,3.96,7,2,3,2,6,236,173,73.31,6,5,11,6,7,10,0,4,0,0,1,60.18,20.35,9,3,3,3,5,272,220,80.88,3,4,1,1,6,10,0,9,2,0,2
UEFA Euro,Denmark,Czech Republic,2,0,2,Winning,2,1,1,Winning,48.02,-3.96,7,4,2,1,6,218,171,78.44,3,3,7,5,16,14,0,6,0,0,0,39.82,-20.35,4,3,0,1,2,180,136,75.56,4,9,7,4,5,31,0,8,0,0,0
UEFA Euro,Italy,Spain,0,0,0,Drawing,1,1,0,Drawing,35.91,-28.19,1,0,1,0,1,200,160,80.0,0,6,7,4,7,6,0,8,0,0,3,29.64,-40.71,5,4,1,0,3,158,113,71.52,1,9,7,4,8,9,0,5,0,0,1
UEFA Euro,Spain,Italy,0,0,0,Drawing,1,1,0,Drawing,64.09,28.19,5,1,3,1,3,357,322,90.2,1,11,6,4,9,3,0,7,0,0,0,70.36,40.71,7,2,4,1,2,375,326,86.93,5,3,8,6,9,4,0,8,1,0,1
FIFA World Cup,Ecuador,Qatar,2,0,2,Winning,2,0,2,Winning,54.73,9.45,3,2,1,0,2,249,199,79.92,1,9,5,4,2,0,0,7,1,0,3,50.75,1.5,3,1,2,0,1,270,233,86.3,2,8,10,6,6,4,0,7,1,0,1
FIFA World Cup,Qatar,Ecuador,0,2,-2,Losing,0,2,-2,Losing,45.27,-9.45,2,0,2,0,1,206,161,78.16,0,10,4,4,3,11,0,9,3,0,1,49.25,-1.5,3,0,3,0,1,262,221,84.35,1,8,7,4,2,10,0,8,1,0,2
Women's World Cup,South Africa Women's,Italy Women's,0,1,-1,Losing,2,2,0,Drawing,34.86,-30.28,3,0,3,0,0,152,84,55.26,0,4,15,10,5,23,0,8,0,0,0,40.43,-19.15,9,5,4,0,7,152,92,60.53,5,5,12,7,1,24,0,4,0,0,0
Women's World Cup,Italy Women's,South Africa Women's,1,0,1,Winning,2,2,0,Drawing,65.14,30.28,7,3,2,2,6,284,225,79.23,3,7,6,4,13,8,0,5,0,0,0,59.57,19.15,10,4,2,4,7,224,164,73.21,2,3,9,3,9,16,0,4,0,0,1
FIFA World Cup,Brazil,Switzerland,0,0,0,Drawing,1,0,1,Winning,53.96,7.92,6,2,1,3,3,327,283,86.54,4,8,12,10,6,5,0,4,0,0,1,53.57,7.14,7,3,2,2,7,270,224,82.96,4,10,10,5,8,6,0,6,1,0,2
FIFA World Cup,Switzerland,Brazil,0,0,0,Drawing,0,1,-1,Losing,46.04,-7.92,1,0,1,0,1,279,239,85.66,2,5,10,5,5,11,0,8,0,0,0,46.43,-7.14,5,0,1,4,3,234,189,80.77,1,8,10,6,3,16,0,10,1,0,1
UEFA Europa League,Napoli,VfB Stuttgart,0,1,-1,Losing,2,1,1,Winning,58.71,17.42,9,0,6,3,4,246,180,73.17,1,17,10,6,2,4,0,10,0,0,0,65.25,30.51,14,4,8,2,8,231,158,68.4,10,15,5,3,6,2,0,11,1,0,0
UEFA Europa League,VfB Stuttgart,Napoli,1,0,1,Winning,1,2,-1,Losing,41.29,-17.42,4,1,2,1,2,173,118,68.21,0,10,10,6,11,23,0,15,1,0,2,34.75,-30.51,4,1,1,2,1,123,73,59.35,0,10,10,6,5,45,0,14,2,0,3
FIFA U20 World Cup,Argentina U20,Soviet Union U20,0,0,0,Drawing,3,1,2,Winning,63.96,27.91,11,4,2,5,3,291,255,87.63,2,14,10,7,10,5,0,8,0,0,0,62.73,25.47,8,4,3,1,4,234,196,83.76,6,17,6,5,5,6,0,5,0,0,0
FIFA U20 World Cup,Soviet Union U20,Argentina U20,0,0,0,Drawing,1,3,-2,Losing,36.04,-27.91,7,3,3,1,2,164,117,71.34,1,8,23,11,8,7,0,18,0,0,2,37.27,-25.47,4,1,2,1,2,139,99,71.22,1,4,24,13,4,17,0,18,0,0,2
FIFA World Cup,Cameroon,Switzerland,0,0,0,Drawing,0,1,-1,Losing,48.56,-2.89,5,2,2,1,4,286,237,82.87,3,4,6,2,5,13,0,5,1,0,2,50.1,0.2,3,3,0,0,3,247,203,82.19,2,10,4,3,10,6,0,5,0,0,0
FIFA World Cup,Switzerland,Cameroon,0,0,0,Drawing,1,0,1,Winning,51.44,2.89,3,0,3,0,2,303,259,85.48,4,7,6,3,4,13,0,5,0,0,1,49.9,-0.2,4,3,0,1,3,246,202,82.11,7,4,8,4,4,15,0,9,2,0,1
Women's World Cup,Netherlands Women's,Vietnam Women's,5,0,5,Winning,7,0,7,Winning,70.17,40.34,24,11,9,4,17,367,325,88.56,4,3,9,7,4,7,0,4,0,0,0,69.91,39.82,17,6,5,6,8,395,339,85.82,5,1,7,4,4,7,0,8,0,0,1
Women's World Cup,Vietnam Women's,Netherlands Women's,0,5,-5,Losing,0,7,-7,Losing,29.83,-40.34,4,1,2,1,1,156,99,63.46,1,4,11,8,6,8,0,3,0,0,0,30.09,-39.82,1,0,1,0,1,170,106,62.35,2,9,9,5,6,18,0,2,1,0,0
UEFA Euro,Netherlands,Austria,1,0,1,Winning,2,0,2,Winning,50.28,0.56,6,1,2,3,5,269,217,80.67,0,6,10,5,2,6,0,9,1,0,1,45.56,-8.88,8,2,4,2,5,231,188,81.39,2,2,8,4,5,10,0,5,0,0,0
UEFA Euro,Austria,Netherlands,0,1,-1,Losing,0,2,-2,Losing,49.72,-0.56,2,0,1,1,1,266,222,83.46,0,9,5,5,7,11,0,9,1,0,0,54.44,8.88,7,1,3,3,5,276,226,81.88,5,5,12,10,6,10,0,2,1,0,0
UEFA Euro,England,Germany,0,0,0,Drawing,2,0,2,Winning,53.43,6.86,3,2,1,0,2,288,249,86.46,3,9,5,4,4,6,0,6,2,0,1,37.98,-24.04,2,2,0,0,2,188,146,77.66,0,2,6,3,6,20,0,6,1,0,1
UEFA Euro,Germany,England,0,0,0,Drawing,0,2,-2,Losing,46.57,-6.86,3,2,0,1,1,251,217,86.45,1,6,9,6,5,13,0,9,1,0,2,62.02,24.04,6,1,4,1,4,307,253,82.41,2,6,5,2,1,9,0,4,1,0,0
UEFA Europa League,Juventus W,Napoli,0,2,-2,Losing,0,2,-2,Losing,52.63,5.26,5,0,3,2,2,210,155,73.81,1,11,16,10,4,5,0,14,2,0,2,54.93,9.87,6,0,2,4,0,245,190,77.55,3,8,19,10,4,11,0,11,0,0,3
UEFA Europa League,Napoli,Juventus W,2,0,2,Winning,2,0,2,Winning,47.37,-5.26,10,5,2,3,5,189,137,72.49,3,15,14,8,4,9,0,9,1,0,3,45.07,-9.87,5,2,3,0,3,201,150,74.63,0,13,15,11,7,9,0,6,0,0,3
UEFA Women's Euro,Belgium Women's,Italy Women's,0,0,0,Drawing,1,0,1,Winning,53.73,7.45,4,0,3,1,1,310,251,80.97,1,3,12,7,7,11,0,2,0,0,1,37.76,-24.48,5,1,3,1,2,162,103,63.58,0,7,9,7,11,27,0,6,0,0,0
UEFA Women's Euro,Italy Women's,Belgium Women's,0,0,0,Drawing,0,1,-1,Losing,46.27,-7.45,7,2,4,1,4,267,217,81.27,4,3,9,5,12,5,0,1,0,0,3,62.24,24.48,14,4,5,5,10,267,191,71.54,8,6,9,7,10,3,0,6,1,0,1
FIFA World Cup,Sweden,Brazil,1,2,-1,Losing,2,5,-3,Losing,48.97,-2.07,2,2,0,0,2,237,160,67.51,5,6,19,11,4,30,0,8,0,0,0,41.48,-17.04,4,1,2,1,3,185,122,65.95,3,9,20,10,4,24,0,7,0,0,1
FIFA World Cup,Brazil,Sweden,2,1,1,Winning,5,2,3,Winning,51.03,2.07,14,5,7,2,6,247,182,73.68,4,7,10,3,7,16,0,4,0,0,2,58.52,17.04,12,6,4,2,7,261,194,74.33,9,6,15,6,4,13,0,9,0,0,1
Champions League,Bayern Munich,Borussia Dortmund,0,0,0,Drawing,2,1,1,Winning,63.4,26.8,7,3,2,2,5,343,267,77.84,3,5,11,7,2,8,0,4,1,0,2,53.59,7.19,10,6,3,1,8,246,170,69.11,5,8,10,6,2,6,0,5,1,0,2
Champions League,Borussia Dortmund,Bayern Munich,0,0,0,Drawing,1,2,-1,Losing,36.6,-26.8,7,5,1,1,5,198,136,68.69,5,4,4,3,2,8,0,6,0,0,0,46.41,-7.19,6,2,2,2,2,213,132,61.97,1,6,16,10,1,8,0,7,1,0,1
FIFA World Cup,Argentina,Saudi Arabia,1,0,1,Winning,1,2,-1,Losing,63.41,26.82,5,2,2,1,3,305,265,86.89,2,7,5,1,7,7,0,4,0,0,7,75.61,51.22,10,4,4,2,8,341,277,81.23,7,13,8,4,4,11,0,3,0,0,3
FIFA World Cup,Saudi Arabia,Argentina,0,1,-1,Losing,2,1,1,Winning,36.59,-26.82,0,0,0,0,0,176,132,75.0,1,11,10,2,8,5,0,9,0,0,0,24.39,-51.22,3,2,0,1,3,110,65,59.09,1,6,9,4,13,24,0,13,6,0,1
Champions League,Bayern Munich,Chelsea,0,0,0,Drawing,1,1,0,Drawing,59.57,19.13,15,2,8,5,11,302,253,83.77,8,9,9,5,5,2,0,6,1,0,0,50.87,1.73,17,4,4,9,10,235,184,78.3,9,9,8,4,3,7,0,6,0,0,1
Champions League,Chelsea,Bayern Munich,0,0,0,Drawing,1,1,0,Drawing,40.43,-19.13,2,1,1,0,1,205,156,76.1,0,3,11,8,3,8,0,9,0,0,1,49.13,-1.73,5,2,2,1,3,227,185,81.5,1,5,6,1,5,18,0,10,2,0,0
FIFA World Cup,Poland,Mexico,0,0,0,Drawing,0,0,0,Drawing,39.04,-21.92,1,0,0,1,1,187,138,73.8,3,7,9,4,0,14,0,8,0,0,0,40.98,-18.03,5,2,2,1,4,175,121,69.14,2,9,5,3,8,14,0,7,1,0,0
FIFA World Cup,Mexico,Poland,0,0,0,Drawing,0,0,0,Drawing,60.96,21.92,5,1,2,2,4,292,243,83.22,3,8,10,4,7,11,0,6,1,0,1,59.02,18.03,6,3,2,1,3,252,194,76.98,3,7,12,4,1,10,0,8,1,0,2
UEFA Women's Euro,Austria Women's,Norway Women's,1,0,1,Winning,1,0,1,Winning,47.4,-5.19,10,4,4,2,7,219,150,68.49,4,6,13,10,5,4,0,6,2,0,0,33.52,-32.96,11,5,3,3,10,178,122,68.54,2,2,7,3,9,31,0,2,0,0,1
UEFA Women's Euro,Norway Women's,Austria Women's,0,1,-1,Losing,0,1,-1,Losing,52.6,5.19,1,0,1,0,1,243,190,78.19,0,4,18,13,14,26,0,6,0,0,0,66.48,32.96,8,2,4,2,8,353,272,77.05,5,3,9,5,6,13,0,3,0,0,0
UEFA Euro,Czech Republic,Croatia,1,0,1,Winning,1,1,0,Drawing,51.14,2.27,6,1,4,1,4,225,172,76.44,2,3,4,1,6,12,0,6,0,0,2,49.39,-1.21,5,0,3,2,4,244,196,80.33,2,3,9,4,6,12,0,10,3,0,0
UEFA Euro,Croatia,Czech Republic,0,1,-1,Losing,1,1,0,Drawing,48.86,-2.27,4,1,2,0,2,215,172,80.0,2,6,7,5,10,8,0,5,1,0,0,50.61,1.21,7,1,3,3,4,250,206,82.4,2,7,7,3,6,14,0,3,0,0,1
FIFA World Cup,Argentina,Netherlands,1,0,1,Winning,2,2,0,Drawing,43.19,-13.61,5,3,1,1,2,238,193,81.09,0,8,6,2,5,7,0,7,2,0,1,37.71,-24.58,2,1,1,0,1,181,140,77.35,1,8,14,8,5,17,0,11,4,0,1
FIFA World Cup,Netherlands,Argentina,0,1,-1,Losing,2,2,0,Drawing,56.81,13.61,1,0,1,0,0,313,266,84.98,1,7,5,4,9,15,0,9,2,0,0,62.29,24.58,5,2,1,2,4,299,248,82.94,1,9,2,2,7,5,0,14,3,0,0
FIFA World Cup,Iran,Wales,0,0,0,Drawing,2,0,2,Winning,35.74,-28.51,5,2,2,1,2,173,109,63.01,0,8,11,5,6,10,0,4,0,0,1,43.38,-13.24,16,4,3,9,5,190,118,62.11,7,3,10,6,9,6,0,6,2,0,1
FIFA World Cup,Wales,Iran,0,0,0,Drawing,0,2,-2,Losing,64.26,28.51,4,2,1,1,2,311,251,80.71,1,5,4,2,4,13,0,7,1,0,1,56.62,13.24,6,1,3,1,3,248,187,75.4,1,7,5,1,6,22,0,2,0,1,1
UEFA Euro,Poland,Sweden,0,1,-1,Losing,2,3,-1,Losing,64.58,29.16,6,1,3,2,2,268,193,72.01,8,8,7,2,6,12,0,6,0,0,0,68.81,37.62,12,5,3,4,6,289,232,80.28,2,5,8,6,3,9,0,8,2,0,1
UEFA Euro,Sweden,Poland,1,0,1,Winning,3,2,1,Winning,35.42,-29.16,1,1,0,0,1,147,84,57.14,2,6,8,3,5,28,0,9,1,0,0,31.19,-37.62,10,3,4,3,5,131,79,60.31,4,8,6,5,3,20,0,6,0,0,0
UEFA Women's Euro,Norway Women's,Northern Ireland W,3,0,3,Winning,4,1,3,Winning,61.1,22.2,15,8,3,4,9,267,222,83.15,7,1,6,6,8,7,0,4,0,0,0,68.42,36.84,6,2,4,0,4,299,253,84.62,2,3,8,7,8,6,0,3,0,0,2
UEFA Women's Euro,Northern Ireland W,Norway Women's,0,3,-3,Losing,1,4,-3,Losing,38.9,-22.2,4,0,3,1,1,170,123,72.35,0,3,8,4,9,3,0,2,0,0,0,31.58,-36.84,3,2,1,0,2,138,94,68.12,1,4,12,7,9,7,0,5,1,0,1
FIFA World Cup,Brazil,Czechoslovakia,1,1,0,Drawing,4,1,3,Winning,52.7,5.39,15,4,9,2,5,254,201,79.13,2,7,10,9,8,10,0,6,1,0,1,53.2,6.39,14,7,4,3,4,233,205,87.98,1,3,12,5,5,13,0,11,1,0,4
FIFA World Cup,Czechoslovakia,Brazil,1,1,0,Drawing,1,4,-3,Losing,47.3,-5.39,13,2,9,2,5,228,185,81.14,1,5,12,7,7,16,0,7,0,0,2,46.8,-6.39,19,4,9,5,8,205,174,84.88,5,14,11,9,6,6,0,5,1,0,0
Women's World Cup,Japan Women's,Scotland W,2,0,2,Winning,2,1,1,Winning,54.08,8.15,12,3,6,3,9,272,232,85.29,1,6,10,6,3,5,0,4,1,0,0,47.02,-5.95,6,3,2,1,2,237,194,81.86,5,2,12,7,12,12,0,7,0,0,0
Women's World Cup,Scotland W,Japan Women's,0,2,-2,Losing,1,2,-1,Losing,45.92,-8.15,2,1,1,0,0,231,183,79.22,0,4,14,8,7,8,0,5,1,0,2,52.98,5.95,10,3,5,2,4,267,214,80.15,6,7,9,6,1,9,0,1,0,0,1
Women's World Cup,Canada Women's,Republic of Ireland Women's,0,1,-1,Losing,1,1,0,Drawing,66.1,32.2,5,1,3,1,2,310,244,78.71,2,6,19,14,2,14,0,5,1,0,0,56.77,13.55,12,6,3,2,8,264,199,75.38,1,6,6,3,6,13,0,1,1,0,0
Women's World Cup,Republic of Ireland Women's,Canada Women's,1,0,1,Winning,1,1,0,Drawing,33.9,-32.2,9,5,2,2,5,159,100,62.89,4,5,5,3,3,8,0,6,0,0,1,43.23,-13.55,5,1,3,1,2,201,123,61.19,1,1,15,8,2,10,0,7,1,0,0
UEFA Euro,Ukraine,England,0,1,-1,Losing,0,4,-4,Losing,46.94,-6.13,5,1,1,3,3,291,257,88.32,2,4,8,5,10,9,0,7,0,0,0,49.2,-1.59,2,1,0,1,0,309,283,91.59,1,2,9,6,3,7,0,3,0,0,0
UEFA Euro,England,Ukraine,1,0,1,Winning,4,0,4,Winning,53.06,6.13,5,2,1,2,4,329,291,88.45,0,7,5,3,10,9,0,2,0,0,2,50.8,1.59,5,4,1,0,4,319,298,93.42,2,3,7,3,9,5,0,2,0,0,0
Women's World Cup,England Women's,Scotland W,2,0,2,Winning,2,1,1,Winning,67.83,35.65,9,5,4,0,7,312,260,83.33,6,6,6,3,1,3,0,5,0,0,1,50.95,1.89,6,1,3,2,3,269,224,83.27,3,2,9,7,0,7,0,3,0,0,2
Women's World Cup,Scotland W,England Women's,0,2,-2,Losing,1,2,-1,Losing,32.17,-35.65,3,1,1,1,2,148,98,66.22,0,6,10,6,5,21,0,6,1,0,1,49.05,-1.89,6,2,2,2,5,259,220,84.94,2,5,8,4,3,8,0,2,1,0,0
UEFA Euro,Ukraine,Sweden,1,1,0,Drawing,1,1,0,Drawing,49.23,-1.55,5,2,3,0,4,286,247,86.36,0,2,8,3,5,22,0,3,0,0,1,46.55,-6.89,4,1,2,1,2,277,240,86.64,0,4,8,4,8,10,0,2,1,0,2
UEFA Euro,Sweden,Ukraine,1,1,0,Drawing,1,1,0,Drawing,50.77,1.55,6,2,2,2,4,295,243,82.37,3,2,2,0,0,11,0,2,0,0,0,53.45,6.89,6,1,4,1,4,318,279,87.74,3,4,6,4,9,4,0,4,2,0,1
Women's World Cup,Sweden Women's,South Africa Women's,0,0,0,Drawing,2,1,1,Winning,69.47,38.95,6,1,4,1,4,330,259,78.48,8,4,4,4,1,7,0,3,0,0,1,66.21,32.41,10,5,3,2,8,288,222,77.08,5,8,6,4,3,6,0,6,0,0,0
Women's World Cup,South Africa Women's,Sweden Women's,0,0,0,Drawing,1,2,-1,Losing,30.53,-38.95,5,1,4,0,2,145,88,60.69,0,4,11,7,8,17,0,3,0,0,1,33.79,-32.41,5,3,1,1,4,147,81,55.1,1,6,15,11,4,18,0,5,2,0,3
UEFA Women's Euro,England Women's,Germany Women's,0,0,0,Drawing,1,1,0,Drawing,48.0,-4.0,6,2,4,0,5,180,121,67.22,5,9,6,4,7,8,0,6,2,0,2,46.91,-6.17,2,2,0,0,2,190,128,67.37,0,9,10,4,9,16,0,7,0,0,0
UEFA Women's Euro,Germany Women's,England Women's,0,0,0,Drawing,1,1,0,Drawing,52.0,4.0,4,0,1,3,2,195,135,69.23,2,8,13,9,5,11,0,8,1,0,1,53.09,6.17,9,3,2,3,7,215,148,68.84,3,7,9,7,3,11,0,9,2,0,0
Women's World Cup,Denmark Women's,England Women's,0,1,-1,Losing,0,1,-1,Losing,21.78,-56.44,4,1,3,0,4,110,68,61.82,0,3,15,6,10,18,0,8,0,0,0,40.45,-19.09,2,1,1,0,2,178,110,61.8,2,4,8,6,2,11,0,7,0,0,0
Women's World Cup,England Women's,Denmark Women's,1,0,1,Winning,1,0,1,Winning,78.22,56.44,6,4,2,0,4,395,338,85.57,4,8,7,5,1,7,0,3,0,0,0,59.55,19.09,6,0,6,0,5,262,212,80.92,5,4,11,4,7,23,0,4,0,0,0
Women's World Cup,Vietnam Women's,Portugal Women's,0,2,-2,Losing,0,2,-2,Losing,33.85,-32.3,3,1,1,1,0,153,96,62.75,1,7,8,7,5,8,0,5,0,0,1,29.37,-41.26,2,0,1,1,0,131,70,53.44,0,5,10,3,7,16,0,3,0,0,0
Women's World Cup,Portugal Women's,Vietnam Women's,2,0,2,Winning,2,0,2,Winning,66.15,32.3,10,5,5,0,10,299,250,83.61,0,6,7,4,1,7,0,5,0,0,2,70.63,41.26,19,4,13,2,14,315,257,81.59,9,3,7,4,2,4,0,5,1,0,0
Women's World Cup,Netherlands Women's,Portugal Women's,1,0,1,Winning,1,0,1,Winning,58.72,17.44,7,3,3,1,5,229,179,78.17,2,8,22,12,12,5,0,4,0,0,1,53.4,6.79,5,2,1,2,4,228,168,73.68,1,7,20,12,7,13,0,4,1,0,2
Women's World Cup,Portugal Women's,Netherlands Women's,0,1,-1,Losing,0,1,-1,Losing,41.28,-17.44,0,0,0,0,0,161,102,63.35,0,5,17,9,7,5,0,8,0,0,0,46.6,-6.79,2,1,1,0,1,199,139,69.85,1,6,18,12,13,6,0,7,2,0,1
Women's World Cup,Korea Republic Women's,France Women's,0,3,-3,Losing,0,4,-4,Losing,31.57,-36.87,1,0,0,1,0,143,102,71.33,1,5,9,6,5,23,0,3,0,0,0,35.85,-28.29,4,0,2,2,1,185,147,79.46,0,8,8,4,2,22,0,8,0,0,0
Women's World Cup,France Women's,Korea Republic Women's,3,0,3,Winning,4,0,4,Winning,68.43,36.87,16,6,6,4,10,310,268,86.45,10,3,6,5,6,6,0,4,0,0,1,64.15,28.29,5,2,1,2,0,331,294,88.82,3,8,6,3,3,4,0,8,0,0,1
UEFA Euro,Italy,Austria,0,0,0,Drawing,0,0,0,Drawing,54.25,8.5,12,2,4,5,6,332,302,90.96,2,7,5,3,6,6,0,6,0,0,1,55.62,11.25,6,0,4,2,4,272,228,83.82,1,9,8,5,10,4,0,5,2,0,2
UEFA Euro,Austria,Italy,0,0,0,Drawing,0,0,0,Drawing,45.75,-8.5,1,0,1,0,0,280,235,83.93,0,7,18,12,10,9,0,8,1,0,0,44.38,-11.25,8,1,4,3,2,217,174,80.18,2,3,6,3,14,9,0,7,0,0,2
Copa del Rey,Barcelona,Athletic Club,0,1,-1,Losing,0,1,-1,Losing,66.57,33.14,4,2,1,1,1,231,192,83.12,4,20,8,6,2,19,0,7,1,0,0,64.49,28.97,10,3,3,4,4,207,168,81.16,5,16,7,7,1,9,0,14,3,0,1
Copa del Rey,Athletic Club,Barcelona,1,0,1,Winning,1,0,1,Winning,33.43,-33.14,6,3,1,2,2,116,60,51.72,2,7,20,14,5,19,0,18,3,0,4,35.51,-28.97,2,1,0,1,0,114,74,64.91,2,12,18,9,6,15,0,14,0,0,4
Women's World Cup,Spain Women's,Zambia W,2,0,2,Winning,5,0,5,Winning,75.68,51.35,8,3,2,3,6,420,365,86.9,2,2,14,8,6,11,0,3,0,0,1,71.37,42.75,14,10,4,0,11,364,306,84.07,7,5,14,9,3,15,0,4,0,0,1
Women's World Cup,Zambia W,Spain Women's,0,2,-2,Losing,0,5,-5,Losing,24.32,-51.35,3,1,2,0,2,135,79,58.52,2,4,15,10,8,14,0,1,0,0,1,28.63,-42.75,7,1,3,3,4,146,85,58.22,1,5,8,5,12,14,0,5,2,0,1
UEFA Women's Euro,Spain Women's,WNT Finland,2,1,1,Winning,4,1,3,Winning,77.34,54.68,14,6,4,4,8,372,316,84.95,10,1,5,4,6,9,0,1,0,0,1,73.73,47.46,21,8,6,7,14,348,315,90.52,7,6,11,6,7,9,0,8,1,0,0
UEFA Women's Euro,WNT Finland,Spain Women's,1,2,-1,Losing,1,4,-3,Losing,22.66,-54.68,3,1,2,0,2,109,59,54.13,0,2,11,6,5,18,0,2,0,0,0,26.27,-47.46,1,1,0,0,1,124,80,64.52,0,8,12,7,10,5,0,8,1,0,0
FIFA World Cup,England,United States,0,0,0,Drawing,0,0,0,Drawing,62.31,24.62,5,1,3,1,3,324,280,86.42,2,6,4,2,3,7,0,6,0,0,0,49.81,-0.39,3,2,1,0,3,258,220,85.27,1,9,5,3,4,13,0,5,0,0,1
FIFA World Cup,United States,England,0,0,0,Drawing,0,0,0,Drawing,37.69,-24.62,6,1,4,1,5,196,160,81.63,2,4,8,5,2,11,0,6,0,0,0,50.19,0.39,4,0,1,3,1,260,217,83.46,5,6,6,4,2,5,0,10,0,0,0
UEFA Women's Euro,Spain Women's,Denmark Women's,0,0,0,Drawing,1,0,1,Winning,71.74,43.47,7,3,3,1,5,434,373,85.94,6,3,7,4,6,6,0,1,1,0,0,71.55,43.09,8,2,3,3,3,347,283,81.56,3,6,7,5,1,8,0,1,0,0,1
UEFA Women's Euro,Denmark Women's,Spain Women's,0,0,0,Drawing,0,1,-1,Losing,28.26,-43.47,3,1,1,1,2,171,103,60.23,0,1,12,8,13,15,0,1,0,0,2,28.45,-43.09,6,1,4,1,3,138,71,51.45,2,2,9,7,9,9,0,6,1,0,0
UEFA Euro,Sweden,Slovakia,0,0,0,Drawing,1,0,1,Winning,39.79,-20.42,2,1,1,0,1,230,189,82.17,2,3,7,5,1,15,0,10,1,0,0,45.26,-9.48,11,3,4,4,8,234,194,82.91,5,6,4,3,6,20,0,7,0,0,1
UEFA Euro,Slovakia,Sweden,0,0,0,Drawing,0,1,-1,Losing,60.21,20.42,3,0,2,1,2,348,315,90.52,2,9,6,5,1,26,0,2,0,0,1,54.74,9.48,7,0,3,4,5,283,241,85.16,4,8,7,4,1,19,0,7,3,0,2
FIFA World Cup,Poland,Argentina,0,0,0,Drawing,0,2,-2,Losing,34.33,-31.33,2,0,1,1,1,183,143,78.14,1,6,14,7,5,24,0,4,0,0,0,21.6,-56.8,2,0,1,1,1,154,124,80.52,0,6,6,3,5,8,0,5,1,0,0
FIFA World Cup,Argentina,Poland,0,0,0,Drawing,2,0,2,Winning,65.67,31.33,13,8,3,2,9,350,299,85.43,6,1,9,7,3,3,0,6,0,0,0,78.4,56.8,11,5,4,2,11,559,527,94.28,2,4,6,3,4,4,0,6,1,0,0
Champions League,Manchester United,Barcelona,1,1,0,Drawing,1,3,-2,Losing,31.16,-37.68,2,1,0,1,1,196,139,70.92,0,2,15,9,8,6,0,5,0,0,4,33.56,-32.88,2,0,2,0,0,199,163,81.91,0,4,7,5,14,5,0,12,1,0,2
Champions League,Barcelona,Manchester United,1,1,0,Drawing,3,1,2,Winning,68.84,37.68,10,3,4,3,5,433,387,89.38,1,9,7,3,3,3,0,2,0,0,0,66.44,32.88,12,8,0,4,5,394,344,87.31,5,13,6,6,3,3,0,3,2,0,1
FIFA World Cup,South Korea,Brazil,0,4,-4,Losing,1,4,-3,Losing,43.12,-13.76,4,3,1,0,1,260,225,86.54,2,3,10,7,13,6,0,6,1,0,3,49.75,-0.51,4,3,1,0,3,295,251,85.08,2,5,10,7,9,9,0,6,0,0,2
FIFA World Cup,Brazil,South Korea,4,0,4,Winning,4,1,3,Winning,56.88,13.76,10,6,4,0,8,343,305,88.92,2,8,12,9,2,4,0,3,0,0,0,50.25,0.51,8,4,2,2,6,298,261,87.58,3,7,8,3,6,6,0,5,0,0,0
FIFA World Cup,Qatar,Senegal,0,1,-1,Losing,1,3,-2,Losing,38.25,-23.51,2,0,1,1,0,192,149,77.6,1,7,12,4,5,18,0,6,2,0,1,52.31,4.63,8,3,3,2,5,260,213,81.92,5,8,9,4,5,6,0,5,1,0,3
FIFA World Cup,Senegal,Qatar,1,0,1,Winning,3,1,2,Winning,61.75,23.51,6,2,4,0,4,310,263,84.84,2,6,6,4,2,8,0,4,1,0,3,47.69,-4.63,6,2,2,2,6,237,199,83.97,4,5,4,3,4,11,0,9,2,0,0
UEFA Euro,Turkey,Italy,0,0,0,Drawing,0,2,-2,Losing,33.39,-33.22,0,0,0,0,0,192,143,74.48,0,5,7,3,23,8,0,2,0,0,2,40.91,-18.18,3,0,1,2,3,198,164,82.83,2,7,8,5,6,13,0,12,2,0,0
UEFA Euro,Italy,Turkey,0,0,0,Drawing,2,0,2,Winning,66.61,33.22,14,3,8,3,8,383,335,87.47,3,3,4,3,8,12,0,4,0,0,1,59.09,18.18,10,5,3,2,7,286,242,84.62,5,9,6,4,10,6,0,5,0,0,3
Champions League,Real Madrid,Atlético Madrid,0,1,-1,Losing,1,1,0,Drawing,62.05,24.1,2,1,1,0,1,309,248,80.26,2,11,5,4,1,14,0,10,2,0,0,60.67,21.34,10,2,6,2,7,307,239,77.85,5,12,5,2,5,8,0,6,0,0,0
Champions League,Atlético Madrid,Real Madrid,1,0,1,Winning,1,1,0,Drawing,37.95,-24.1,5,1,3,1,3,189,127,67.2,3,8,13,7,2,4,0,10,1,0,2,39.33,-21.34,4,1,1,2,2,199,121,60.8,5,5,16,11,2,16,0,11,4,0,2
FIFA World Cup,France,Brazil,1,2,-1,Losing,2,5,-3,Losing,46.4,-7.2,8,2,4,2,3,187,125,66.84,2,6,23,8,9,16,0,5,0,0,3,44.03,-11.93,7,5,2,0,2,203,137,67.49,3,11,21,13,6,9,0,4,0,0,0
FIFA World Cup,Brazil,France,2,1,1,Winning,5,2,3,Winning,53.6,7.2,19,6,8,5,13,216,149,68.98,5,5,14,11,8,16,0,8,0,0,2,55.97,11.93,22,10,6,6,13,258,211,81.78,3,1,15,9,8,16,0,10,0,0,2
UEFA Women's Euro,Portugal Women's,Sweden Women's,0,2,-2,Losing,0,4,-4,Losing,41.67,-16.67,4,2,2,0,2,140,93,66.43,1,8,9,2,9,17,0,5,0,0,1,50.79,1.59,3,0,3,0,2,192,152,79.17,1,5,10,7,8,10,0,6,1,0,0
UEFA Women's Euro,Sweden Women's,Portugal Women's,2,0,2,Winning,4,0,4,Winning,58.33,16.67,8,4,2,2,7,196,130,66.33,5,6,12,7,5,4,0,6,2,0,2,49.21,-1.59,8,5,2,1,8,186,132,70.97,2,5,15,12,5,5,0,4,0,0,2
UEFA Europa League,Bayern Munich,Napoli,0,1,-1,Losing,0,2,-2,Losing,57.96,15.91,6,2,4,0,2,244,202,82.79,5,12,10,5,4,23,0,8,0,0,1,66.58,33.16,5,0,2,3,3,255,211,82.75,3,10,10,4,1,11,0,8,1,0,0
UEFA Europa League,Napoli,Bayern Munich,1,0,1,Winning,2,0,2,Winning,42.04,-15.91,6,2,3,1,3,177,127,71.75,2,8,8,3,9,12,0,11,1,0,1,33.42,-33.16,6,3,2,1,4,128,93,72.66,2,7,8,5,8,14,0,7,1,0,4
UEFA Euro,Wales,Denmark,0,1,-1,Losing,0,4,-4,Losing,39.0,-22.0,7,1,2,4,3,172,134,77.91,1,7,6,5,5,26,0,6,2,0,0,55.86,11.71,4,0,2,2,3,248,209,84.27,0,2,6,4,6,15,0,7,2,1,0
UEFA Euro,Denmark,Wales,1,0,1,Winning,4,0,4,Winning,61.0,22.0,5,3,2,0,3,269,214,79.55,7,5,2,2,6,12,0,7,0,0,1,44.14,-11.71,11,5,3,3,6,196,164,83.67,2,5,5,2,4,14,0,2,0,0,0
Women's World Cup,Spain Women's,China PR Women's,0,0,0,Drawing,0,0,0,Drawing,62.97,25.94,10,2,4,4,6,318,253,79.56,0,7,8,5,3,19,0,8,0,0,0,66.36,32.73,15,7,5,3,8,292,213,72.95,8,8,10,9,4,10,0,6,0,0,0
Women's World Cup,China PR Women's,Spain Women's,0,0,0,Drawing,0,0,0,Drawing,37.03,-25.94,0,0,0,0,0,187,123,65.78,0,8,10,5,7,18,0,6,0,0,1,33.64,-32.73,1,0,0,1,1,148,90,60.81,0,6,12,4,8,31,0,9,1,0,1
UEFA Euro,Belgium,Denmark,0,1,-1,Losing,2,1,1,Winning,52.29,4.58,1,1,0,0,1,297,254,85.52,2,4,8,5,6,11,0,6,0,0,0,55.15,10.31,5,3,1,1,2,305,263,86.23,2,6,5,2,5,8,0,13,1,0,2
UEFA Euro,Denmark,Belgium,1,0,1,Winning,1,2,-1,Losing,47.71,-4.58,9,3,4,2,8,271,227,83.76,0,5,10,7,12,5,0,6,0,0,1,44.85,-10.31,12,2,3,7,7,248,210,84.68,2,10,7,3,13,6,0,9,3,0,1
FIFA World Cup,Netherlands,United States,2,0,2,Winning,3,1,2,Winning,36.92,-26.16,4,2,2,0,3,199,150,75.38,2,3,8,5,3,11,0,3,0,0,0,46.33,-7.34,7,4,2,1,4,240,182,75.83,2,5,15,9,4,24,0,8,2,0,0
FIFA World Cup,United States,Netherlands,0,2,-2,Losing,1,3,-2,Losing,63.08,26.16,3,2,0,1,2,340,285,83.82,1,3,4,2,7,4,0,1,0,0,2,53.67,7.34,15,4,7,4,10,278,214,76.98,4,7,9,5,8,7,0,4,0,0,1
FIFA World Cup,Spain,Costa Rica,3,0,3,Winning,7,0,7,Winning,84.2,68.41,7,3,3,1,6,597,554,92.8,2,7,7,5,4,3,0,4,0,0,2,78.13,56.26,10,5,4,1,7,493,455,92.29,3,10,8,5,3,2,0,4,0,0,1
FIFA World Cup,Costa Rica,Spain,0,3,-3,Losing,0,7,-7,Losing,15.8,-68.41,0,0,0,0,0,112,72,64.29,0,6,8,5,5,10,0,6,0,0,3,21.87,-56.26,0,0,0,0,0,138,100,72.46,0,5,16,11,4,11,0,8,2,0,4
Women's World Cup,Japan Women's,Argentina Women's,0,0,0,Drawing,0,0,0,Drawing,68.85,37.7,2,0,2,0,1,336,288,85.71,2,9,13,5,4,5,0,4,2,0,0,72.22,44.44,6,2,3,1,4,377,318,84.35,3,0,13,6,4,11,0,3,1,0,0
Women's World Cup,Argentina Women's,Japan Women's,0,0,0,Drawing,0,0,0,Drawing,31.15,-37.7,0,0,0,0,0,152,97,63.82,0,3,15,12,6,19,0,8,0,0,2,27.78,-44.44,5,1,2,2,3,145,94,64.83,0,3,16,11,8,34,0,0,0,0,0
Women's World Cup,United States Women's,Portugal Women's,0,0,0,Drawing,0,0,0,Drawing,45.08,-9.83,7,4,2,1,7,188,131,69.68,3,4,11,6,8,14,0,7,1,0,0,40.39,-19.22,10,1,8,1,7,145,87,60.0,3,8,12,7,8,22,0,8,2,0,0
Women's World Cup,Portugal Women's,United States Women's,0,0,0,Drawing,0,0,0,Drawing,54.92,9.83,3,0,3,0,0,229,164,71.62,1,7,14,6,6,7,0,6,0,0,0,59.61,19.22,3,0,2,1,2,214,145,67.76,0,7,6,4,5,13,0,10,3,0,0
Women's World Cup,Spain Women's,England Women's,1,0,1,Winning,1,0,1,Winning,62.5,25.0,6,2,3,1,6,325,274,84.31,0,8,10,6,1,16,0,8,0,0,0,47.67,-4.67,8,3,1,4,5,194,147,75.77,7,11,9,7,7,20,0,5,1,0,0
Women's World Cup,England Women's,Spain Women's,0,1,-1,Losing,0,1,-1,Losing,37.5,-25.0,3,2,1,0,3,195,143,73.33,1,4,12,7,6,8,0,6,0,0,3,52.33,4.67,5,1,2,2,3,213,150,70.42,2,5,13,7,1,10,0,12,1,0,1
FIFA World Cup,South Korea,Uruguay,0,0,0,Drawing,0,0,0,Drawing,51.49,2.98,2,0,2,0,1,259,202,77.99,2,3,6,5,7,10,0,5,0,0,0,38.49,-23.02,5,0,4,1,1,204,149,73.04,1,5,10,5,6,10,0,6,1,0,0
FIFA World Cup,Uruguay,South Korea,0,0,0,Drawing,0,0,0,Drawing,48.51,-2.98,4,1,3,0,4,244,202,82.79,3,5,5,5,12,19,0,3,0,0,0,61.51,23.02,6,0,4,2,2,326,273,83.74,1,5,10,8,5,12,0,4,1,0,1
Women's World Cup,Sweden Women's,Argentina Women's,0,0,0,Drawing,2,0,2,Winning,59.08,18.16,4,1,1,2,1,231,174,75.32,3,3,6,4,4,8,0,14,1,0,0,56.26,12.53,3,2,1,0,2,247,194,78.54,1,1,14,9,8,5,0,8,0,0,1
Women's World Cup,Argentina Women's,Sweden Women's,0,0,0,Drawing,0,2,-2,Losing,40.92,-18.16,3,0,3,0,1,160,105,65.62,0,13,16,8,3,9,0,5,1,0,1,43.74,-12.53,3,2,1,0,2,192,141,73.44,1,9,16,11,7,2,0,3,0,0,0
FIFA World Cup,Belgium,Canada,1,0,1,Winning,1,0,1,Winning,55.53,11.07,4,2,1,1,3,286,241,84.27,1,10,11,4,1,15,0,3,1,0,0,49.7,-0.6,5,1,2,2,3,248,210,84.68,3,5,7,5,8,15,0,8,2,0,0
FIFA World Cup,Canada,Belgium,0,1,-1,Losing,0,1,-1,Losing,44.47,-11.07,14,2,6,6,12,229,192,83.84,2,2,8,6,7,3,0,10,0,0,1,50.3,0.6,8,1,5,2,5,251,209,83.27,2,8,3,2,5,7,0,5,2,0,0
Women's World Cup,South Africa Women's,China PR Women's,0,1,-1,Losing,0,1,-1,Losing,44.73,-10.54,1,0,1,0,1,225,151,67.11,0,10,13,8,2,20,0,0,0,0,0,51.15,2.3,4,1,2,1,2,222,140,63.06,3,4,17,10,3,22,0,3,1,0,2
Women's World Cup,China PR Women's,South Africa Women's,1,0,1,Winning,1,0,1,Winning,55.27,10.54,10,1,7,2,8,278,204,73.38,5,0,8,6,7,4,0,8,0,0,2,48.85,-2.3,5,2,1,2,4,212,130,61.32,2,5,12,7,5,17,0,4,0,0,0
UEFA Euro,England,Denmark,0,1,-1,Losing,0,1,-1,Losing,61.48,22.95,4,2,1,1,2,300,260,86.67,1,5,5,3,3,3,0,6,0,0,0,54.23,8.45,10,3,5,2,8,263,222,84.41,2,11,5,4,7,7,0,4,1,0,0
UEFA Euro,Denmark,England,1,0,1,Winning,1,0,1,Winning,38.52,-22.95,4,2,1,1,1,188,152,80.85,1,4,14,6,5,14,0,7,0,0,0,45.77,-8.45,1,1,0,0,0,222,177,79.73,2,4,10,7,4,23,0,10,1,0,1
UEFA Women's Euro,Austria Women's,Germany Women's,0,1,-1,Losing,0,2,-2,Losing,43.94,-12.11,5,1,2,2,3,185,108,58.38,4,7,12,6,7,6,0,6,1,0,0,36.95,-26.1,7,0,6,1,6,160,100,62.5,2,6,8,7,3,8,0,8,2,0,2
UEFA Women's Euro,Germany Women's,Austria Women's,1,0,1,Winning,2,0,2,Winning,56.06,12.11,9,3,4,2,7,236,174,73.73,6,5,9,3,15,22,0,7,0,0,2,63.05,26.1,12,2,8,2,5,273,212,77.66,1,10,18,11,5,8,0,4,1,0,2
UEFA Euro,Spain,Switzerland,0,0,0,Drawing,0,1,-1,Losing,70.09,40.18,3,1,1,1,1,396,351,88.64,3,4,5,3,3,4,0,4,0,0,0,67.46,34.92,8,2,3,3,7,340,304,89.41,3,9,4,2,6,10,0,7,1,0,1
UEFA Euro,Switzerland,Spain,0,0,0,Drawing,1,0,1,Winning,29.91,-40.18,4,0,2,2,2,169,130,76.92,4,4,11,6,12,8,0,2,0,0,3,32.54,-34.92,4,2,2,0,4,164,117,71.34,5,6,15,6,7,6,0,8,1,1,0
